epoch,time,train/box_loss,train/cls_loss,train/dfl_loss,metrics/precision(B),metrics/recall(B),metrics/mAP50(B),metrics/mAP50-95(B),val/box_loss,val/cls_loss,val/dfl_loss,lr/pg0,lr/pg1,lr/pg2
1,6.71314,2.97958,4.18096,2.61799,0.00296,0.88889,0.13524,0.05949,2.30338,4.7057,2.3468,0.0005,0.0005,0.0005
2,12.9632,2.19651,3.72553,2.05966,0.00333,1,0.37119,0.10244,2.29121,4.25949,2.09972,0.00115512,0.00115512,0.00115512
3,18.9398,1.82475,3.2979,1.82934,0.00333,1,0.37119,0.10244,2.29121,4.25949,2.09972,0.00179703,0.00179703,0.00179703
4,24.9803,1.9896,3.41809,1.8723,0.62949,0.77778,0.56943,0.15752,2.27022,4.07108,2.35823,0.0019406,0.0019406,0.0019406
5,31.0986,2.19108,3.14881,2.04906,0.62949,0.77778,0.56943,0.15752,2.27022,4.07108,2.35823,0.0019208,0.0019208,0.0019208
6,39.0642,2.07763,3.33272,2.03067,0.00222,0.66667,0.00175,0.00034,3.44104,5.4471,4.15427,0.001901,0.001901,0.001901
7,48.1368,2.24229,3.64809,2.20941,0.00333,1,0.03536,0.00756,2.09776,4.33624,2.87271,0.0018812,0.0018812,0.0018812
8,56.1346,2.22619,3.60932,2.12611,0.00333,1,0.03536,0.00756,2.09776,4.33624,2.87271,0.0018614,0.0018614,0.0018614
9,62.1764,2.10772,3.23986,2.10559,0.00333,1,0.11003,0.03493,1.99179,4.04761,2.83702,0.0018416,0.0018416,0.0018416
10,68.0446,1.6489,2.84445,1.78016,0.00333,1,0.11003,0.03493,1.99179,4.04761,2.83702,0.0018218,0.0018218,0.0018218
11,74.1055,1.68607,2.79607,1.91082,0.79035,0.22222,0.41443,0.16036,1.80186,3.63678,3.11496,0.001802,0.001802,0.001802
12,80.0527,1.67798,2.76937,2.00558,0.79035,0.22222,0.41443,0.16036,1.80186,3.63678,3.11496,0.0017822,0.0017822,0.0017822
13,86.0842,1.84031,2.9983,1.91686,0.80652,0.22222,0.39014,0.17443,1.95628,4.02842,2.9229,0.0017624,0.0017624,0.0017624
14,92.182,1.81391,2.93149,1.92877,1,0.29007,0.50968,0.20442,1.82518,3.4144,3.18508,0.0017426,0.0017426,0.0017426
15,98.1291,1.87161,2.62367,1.90654,1,0.29007,0.50968,0.20442,1.82518,3.4144,3.18508,0.0017228,0.0017228,0.0017228
16,104.278,1.75387,2.47296,1.78781,0.44132,0.6166,0.60114,0.21327,2.09453,3.39448,3.08467,0.001703,0.001703,0.001703
17,110.215,1.65879,2.65913,1.65533,0.44132,0.6166,0.60114,0.21327,2.09453,3.39448,3.08467,0.0016832,0.0016832,0.0016832
18,116.52,1.72936,2.09215,1.69104,0.16373,0.11111,0.13006,0.03987,2.21668,4.17576,3.00572,0.0016634,0.0016634,0.0016634
19,122.767,1.92939,2.43439,1.90393,0.16373,0.11111,0.13006,0.03987,2.21668,4.17576,3.00572,0.0016436,0.0016436,0.0016436
20,128.941,1.69323,2.48534,1.63425,0.06672,0.11111,0.04065,0.00882,2.04978,4.4836,3.14144,0.0016238,0.0016238,0.0016238
21,134.986,1.67754,2.14981,1.69955,0.06206,0.11111,0.01823,0.00426,1.97027,4.03919,2.94491,0.001604,0.001604,0.001604
22,141.198,1.66582,2.30146,1.72577,0.06206,0.11111,0.01823,0.00426,1.97027,4.03919,2.94491,0.0015842,0.0015842,0.0015842
23,147.354,1.68949,2.42279,1.72549,0.00296,0.88889,0.00583,0.00189,1.82792,4.0776,2.76538,0.0015644,0.0015644,0.0015644
24,153.396,1.93368,2.32401,1.87418,0.00296,0.88889,0.00583,0.00189,1.82792,4.0776,2.76538,0.0015446,0.0015446,0.0015446
25,159.512,1.76992,2.13523,1.79809,0.22887,0.22222,0.09725,0.02257,1.88213,3.70165,2.63397,0.0015248,0.0015248,0.0015248
26,165.547,1.76533,2.03396,1.68097,0.22887,0.22222,0.09725,0.02257,1.88213,3.70165,2.63397,0.001505,0.001505,0.001505
27,171.681,1.75704,2.52429,1.76746,0.35871,0.55556,0.4057,0.13773,1.87741,3.55664,2.4044,0.0014852,0.0014852,0.0014852
28,177.835,1.70595,2.24364,1.74741,0.924,0.66667,0.76002,0.31596,2.0538,2.80255,2.11426,0.0014654,0.0014654,0.0014654
29,183.921,1.52502,1.81783,1.59151,0.924,0.66667,0.76002,0.31596,2.0538,2.80255,2.11426,0.0014456,0.0014456,0.0014456
30,190.113,1.63827,2.04397,1.77898,0.80244,1,0.92611,0.31956,1.99827,2.47601,1.93746,0.0014258,0.0014258,0.0014258
31,196.315,1.59502,2.01196,1.62602,0.80244,1,0.92611,0.31956,1.99827,2.47601,1.93746,0.001406,0.001406,0.001406
32,202.402,1.59408,2.31419,1.67327,0.84258,0.77778,0.86479,0.35877,1.90027,2.58503,1.81535,0.0013862,0.0013862,0.0013862
33,208.476,1.5871,1.7621,1.58712,0.84258,0.77778,0.86479,0.35877,1.90027,2.58503,1.81535,0.0013664,0.0013664,0.0013664
34,214.58,1.57733,2.07959,1.68618,0.77347,0.55556,0.63386,0.29463,1.85353,2.9544,1.81804,0.0013466,0.0013466,0.0013466
35,220.62,1.4662,1.74877,1.5262,0.59822,0.55556,0.49799,0.26599,1.78554,2.99538,1.89585,0.0013268,0.0013268,0.0013268
36,226.574,1.46262,1.77142,1.53999,0.59822,0.55556,0.49799,0.26599,1.78554,2.99538,1.89585,0.001307,0.001307,0.001307
37,232.558,1.65337,1.7268,1.54159,0.38369,0.55556,0.3392,0.1325,1.79115,3.06283,1.86138,0.0012872,0.0012872,0.0012872
38,238.589,1.63599,1.72665,1.64372,0.38369,0.55556,0.3392,0.1325,1.79115,3.06283,1.86138,0.0012674,0.0012674,0.0012674
39,244.607,1.4768,1.60082,1.49968,0.69691,0.55556,0.61326,0.26904,1.76888,2.67401,1.81274,0.0012476,0.0012476,0.0012476
40,250.709,1.60951,1.83151,1.63879,0.69691,0.55556,0.61326,0.26904,1.76888,2.67401,1.81274,0.0012278,0.0012278,0.0012278
41,256.797,1.62043,1.65169,1.56231,0.64488,0.55556,0.62375,0.25638,1.75638,2.66525,1.59107,0.001208,0.001208,0.001208
42,262.832,1.46217,1.84398,1.56134,0.2712,0.55556,0.26245,0.09154,1.85356,2.94045,1.77518,0.0011882,0.0011882,0.0011882
43,268.718,1.5636,1.6693,1.55608,0.2712,0.55556,0.26245,0.09154,1.85356,2.94045,1.77518,0.0011684,0.0011684,0.0011684
44,274.79,1.51031,1.67661,1.55942,0.81167,0.66667,0.73401,0.23118,1.9851,2.57591,2.23654,0.0011486,0.0011486,0.0011486
45,280.727,1.635,1.61507,1.56341,0.81167,0.66667,0.73401,0.23118,1.9851,2.57591,2.23654,0.0011288,0.0011288,0.0011288
46,286.772,1.51412,1.57426,1.51637,0.76044,0.77778,0.62233,0.27904,2.16517,2.04197,2.56626,0.001109,0.001109,0.001109
47,292.856,1.35241,1.4135,1.368,0.76044,0.77778,0.62233,0.27904,2.16517,2.04197,2.56626,0.0010892,0.0010892,0.0010892
48,299.096,1.37311,1.65958,1.49431,0.76795,0.77778,0.63242,0.2417,2.18003,2.03986,2.50279,0.0010694,0.0010694,0.0010694
49,305.215,1.44591,1.47872,1.47941,1,0.88888,0.951,0.29981,2.0376,1.9367,2.35812,0.0010496,0.0010496,0.0010496
50,311.179,1.47732,1.43603,1.49727,1,0.88888,0.951,0.29981,2.0376,1.9367,2.35812,0.0010298,0.0010298,0.0010298
51,317.226,1.3845,1.68737,1.46472,0.89381,1,0.951,0.36426,1.98791,1.72823,2.25649,0.00101,0.00101,0.00101
52,323.272,1.40635,1.49457,1.4944,0.89381,1,0.951,0.36426,1.98791,1.72823,2.25649,0.0009902,0.0009902,0.0009902
53,329.461,1.48745,1.4573,1.48137,0.8946,1,0.929,0.3598,1.9677,1.74983,2.13649,0.0009704,0.0009704,0.0009704
54,335.486,1.52627,1.65593,1.51402,0.8946,1,0.929,0.3598,1.9677,1.74983,2.13649,0.0009506,0.0009506,0.0009506
55,341.556,1.44524,1.45444,1.5325,0.89826,0.98259,0.951,0.37923,2.02311,1.88664,2.16719,0.0009308,0.0009308,0.0009308
56,347.634,1.58867,1.58398,1.52,0.8792,0.88889,0.90556,0.36387,2.05127,2.02842,2.19867,0.000911,0.000911,0.000911
57,353.632,1.42984,1.3119,1.48697,0.8792,0.88889,0.90556,0.36387,2.05127,2.02842,2.19867,0.0008912,0.0008912,0.0008912
58,359.679,1.42807,1.59048,1.4756,0.89836,0.98361,0.951,0.40592,1.99597,1.92311,2.12975,0.0008714,0.0008714,0.0008714
59,365.837,1.31955,1.30611,1.36751,0.89836,0.98361,0.951,0.40592,1.99597,1.92311,2.12975,0.0008516,0.0008516,0.0008516
60,372.038,1.43544,1.30807,1.45861,0.87581,1,0.94,0.45791,1.93266,1.82961,2.01939,0.0008318,0.0008318,0.0008318
61,378.238,1.43293,1.50363,1.46987,0.87581,1,0.94,0.45791,1.93266,1.82961,2.01939,0.000812,0.000812,0.000812
62,384.238,1.38559,1.36752,1.45189,0.87911,1,0.94,0.44,1.91456,1.74964,2.02824,0.0007922,0.0007922,0.0007922
63,390.224,1.28485,1.39186,1.40513,0.88156,1,0.94,0.42894,1.90779,1.65401,2.07867,0.0007724,0.0007724,0.0007724
64,396.413,1.27483,1.29263,1.40385,0.88156,1,0.94,0.42894,1.90779,1.65401,2.07867,0.0007526,0.0007526,0.0007526
65,402.498,1.25415,1.27774,1.3661,0.89043,1,0.951,0.4279,1.91806,1.62452,2.18788,0.0007328,0.0007328,0.0007328
66,408.411,1.27301,1.26041,1.35452,0.89043,1,0.951,0.4279,1.91806,1.62452,2.18788,0.000713,0.000713,0.000713
67,414.507,1.44631,1.49234,1.49705,0.89192,1,0.973,0.44783,1.87454,1.61047,2.17653,0.0006932,0.0006932,0.0006932
68,420.714,1.35617,1.22257,1.39868,0.89192,1,0.973,0.44783,1.87454,1.61047,2.17653,0.0006734,0.0006734,0.0006734
69,426.908,1.44539,1.51179,1.5265,0.89774,1,0.973,0.39887,1.78943,1.5989,2.07636,0.0006536,0.0006536,0.0006536
70,433.32,1.30001,1.36914,1.39392,0.81171,1,0.95056,0.40759,1.77139,1.58283,2.03744,0.0006338,0.0006338,0.0006338
71,440.97,1.25055,1.3939,1.40655,0.81171,1,0.95056,0.40759,1.77139,1.58283,2.03744,0.000614,0.000614,0.000614
72,449.323,1.33682,1.16701,1.37429,0.91237,0.88889,0.975,0.43889,1.78365,1.74232,2.06969,0.0005942,0.0005942,0.0005942
73,455.531,1.23645,1.21536,1.35584,0.91237,0.88889,0.975,0.43889,1.78365,1.74232,2.06969,0.0005744,0.0005744,0.0005744
74,461.549,1.36868,1.41598,1.45305,0.89946,0.99461,0.984,0.46694,1.8141,1.71908,2.0646,0.0005546,0.0005546,0.0005546
75,467.609,1.26804,1.17169,1.3569,0.89946,0.99461,0.984,0.46694,1.8141,1.71908,2.0646,0.0005348,0.0005348,0.0005348
76,473.538,1.34738,1.36921,1.43895,0.88423,1,0.973,0.42871,1.87158,1.62506,2.11321,0.000515,0.000515,0.000515
77,479.674,1.36049,1.26803,1.42891,0.8823,1,0.973,0.4254,1.84712,1.57666,2.07338,0.0004952,0.0004952,0.0004952
78,485.649,1.22784,1.12966,1.34179,0.8823,1,0.973,0.4254,1.84712,1.57666,2.07338,0.0004754,0.0004754,0.0004754
79,491.784,1.45618,1.30735,1.49511,0.88924,1,0.973,0.46452,1.77964,1.57574,2.00483,0.0004556,0.0004556,0.0004556
80,497.87,1.25602,1.16918,1.36813,0.88924,1,0.973,0.46452,1.77964,1.57574,2.00483,0.0004358,0.0004358,0.0004358
81,503.946,1.29792,1.23585,1.36825,0.89864,0.98642,0.973,0.49756,1.72875,1.52558,1.96323,0.000416,0.000416,0.000416
82,510.127,1.3,1.26896,1.40673,0.89864,0.98642,0.973,0.49756,1.72875,1.52558,1.96323,0.0003962,0.0003962,0.0003962
83,516.145,1.18379,1.23548,1.32712,0.89778,0.97781,0.973,0.47509,1.74326,1.51532,2.01495,0.0003764,0.0003764,0.0003764
84,522.178,1.09692,1.15581,1.28613,0.89683,0.96831,0.973,0.4779,1.76454,1.46447,2.0414,0.0003566,0.0003566,0.0003566
85,527.957,1.24932,1.20334,1.34934,0.89683,0.96831,0.973,0.4779,1.76454,1.46447,2.0414,0.0003368,0.0003368,0.0003368
86,533.839,1.17705,1.09306,1.27428,0.89658,0.96584,0.973,0.44899,1.79393,1.4401,2.05534,0.000317,0.000317,0.000317
87,539.84,1.25083,1.23159,1.37991,0.89658,0.96584,0.973,0.44899,1.79393,1.4401,2.05534,0.0002972,0.0002972,0.0002972
88,545.862,1.16824,1.17329,1.25668,0.81056,1,0.95056,0.44032,1.78028,1.43467,2.04928,0.0002774,0.0002774,0.0002774
89,551.886,1.05606,0.98974,1.2078,0.81056,1,0.95056,0.44032,1.78028,1.43467,2.04928,0.0002576,0.0002576,0.0002576
90,557.88,1.03911,1.16171,1.24465,0.81001,1,0.95056,0.4091,1.77944,1.43034,2.06016,0.0002378,0.0002378,0.0002378
91,564.04,1.08061,1.12309,1.23039,0.89643,0.96432,0.951,0.41488,1.78164,1.44089,2.11544,0.000218,0.000218,0.000218
92,569.979,1.07587,1.26771,1.31382,0.89643,0.96432,0.951,0.41488,1.78164,1.44089,2.11544,0.0001982,0.0001982,0.0001982
93,575.963,1.07083,1.16555,1.23431,0.89865,0.98654,0.94,0.44721,1.77225,1.47779,2.11349,0.0001784,0.0001784,0.0001784
94,581.934,1.19429,1.17573,1.23904,0.89865,0.98654,0.94,0.44721,1.77225,1.47779,2.11349,0.0001586,0.0001586,0.0001586
95,587.792,0.99385,1.16559,1.24268,0.89902,0.99024,0.94,0.46548,1.76514,1.47799,2.09922,0.0001388,0.0001388,0.0001388
96,593.656,1.01545,1.1467,1.18974,0.89902,0.99024,0.94,0.46548,1.76514,1.47799,2.09922,0.000119,0.000119,0.000119
97,599.674,1.0803,1.16979,1.20224,0.89866,0.98659,0.94,0.46463,1.7539,1.47325,2.08819,9.92e-05,9.92e-05,9.92e-05
98,605.759,0.97652,1.14037,1.16061,0.89836,0.98359,0.94,0.47747,1.75283,1.45537,2.09318,7.94e-05,7.94e-05,7.94e-05
99,611.662,1.00601,1.11673,1.23268,0.89836,0.98359,0.94,0.47747,1.75283,1.45537,2.09318,5.96e-05,5.96e-05,5.96e-05
100,617.597,0.92955,1.07554,1.13121,0.89802,0.98016,0.951,0.47656,1.75651,1.44948,2.10898,3.98e-05,3.98e-05,3.98e-05
