t,gx,gy,gz,ax,ay,az,gesture
0.0,-33.0,30.0,15.0,202.0,-967.0,206.0,-1
0.0297,-31.0,34.0,15.0,217.0,-979.0,220.0,-1
0.0301,-27.0,37.0,13.0,228.0,-989.0,221.0,-1
0.031,-24.0,38.0,13.0,238.0,-990.0,224.0,-1
0.1496,-26.0,37.0,13.0,246.0,-989.0,221.0,-1
0.1505,-31.0,34.0,12.0,273.0,-994.0,230.0,-1
0.1506,-38.0,29.0,11.0,300.0,-1019.0,237.0,-1
0.1513,-39.0,28.0,12.0,335.0,-1042.0,241.0,-1
0.1517,-39.0,32.0,9.0,378.0,-1083.0,248.0,-1
0.1531,-36.0,35.0,5.0,413.0,-1125.0,267.0,-1
0.1795,-19.0,47.0,-10.0,462.0,-1123.0,295.0,-1
0.1802,-32.0,42.0,-12.0,472.0,-1111.0,285.0,-1
0.21,-48.0,40.0,-14.0,477.0,-1083.0,298.0,-1
0.2102,-54.0,44.0,-18.0,443.0,-1095.0,355.0,-1
0.2397,-35.0,46.0,-26.0,411.0,-1091.0,413.0,-1
0.2699,-20.0,41.0,-31.0,361.0,-1088.0,409.0,-1
0.2699,-4.0,35.0,-36.0,306.0,-1090.0,415.0,-1
0.2715,10.0,29.0,-39.0,275.0,-1091.0,390.0,-1
0.3001,9.0,20.0,-39.0,229.0,-1079.0,322.0,-1
0.3003,-5.0,5.0,-38.0,166.0,-1037.0,275.0,-1
0.3292,-21.0,-9.0,-32.0,121.0,-964.0,246.0,-1
0.33,-30.0,-18.0,-32.0,114.0,-945.0,227.0,-1
0.3595,-32.0,-29.0,-36.0,74.0,-948.0,190.0,-1
0.3893,-29.0,-36.0,-40.0,40.0,-938.0,140.0,-1
0.3898,-25.0,-36.0,-41.0,14.0,-915.0,90.0,-1
0.3909,-21.0,-31.0,-44.0,-6.0,-906.0,46.0,-1
0.4197,-17.0,-25.0,-42.0,-30.0,-891.0,13.0,-1
0.4493,-16.0,-25.0,-34.0,-22.0,-860.0,-42.0,-1
0.4501,-20.0,-27.0,-23.0,2.0,-876.0,-103.0,-1
0.4795,-24.0,-28.0,-17.0,37.0,-921.0,-165.0,-1
0.5097,-5.0,1.0,-14.0,75.0,-948.0,-244.0,-1
0.5418,-2.0,14.0,-12.0,110.0,-949.0,-271.0,-1
0.5704,-16.0,10.0,-5.0,115.0,-943.0,-306.0,-1
0.5707,-25.0,9.0,1.0,110.0,-969.0,-326.0,-1
0.6005,-30.0,16.0,3.0,143.0,-977.0,-318.0,-1
0.6005,-27.0,32.0,4.0,144.0,-976.0,-291.0,-1
0.63,-23.0,46.0,5.0,162.0,-966.0,-258.0,-1
0.6595,-32.0,57.0,5.0,185.0,-995.0,-212.0,-1
0.6601,-37.0,62.0,6.0,198.0,-1004.0,-174.0,-1
0.6896,-39.0,68.0,6.0,202.0,-1026.0,-124.0,-1
0.7194,-40.0,74.0,8.0,250.0,-1049.0,-46.0,-1
0.7201,-40.0,77.0,6.0,263.0,-1052.0,-19.0,-1
0.75,-42.0,80.0,5.0,293.0,-1046.0,15.0,-1
0.7505,-43.0,82.0,2.0,309.0,-1043.0,59.0,-1
0.7801,-44.0,79.0,0.0,321.0,-1022.0,87.0,-1
0.7806,-44.0,77.0,0.0,329.0,-1017.0,116.0,-1
0.8103,-38.0,80.0,-1.0,345.0,-1014.0,134.0,-1
0.8105,-37.0,84.0,-5.0,349.0,-1019.0,139.0,-1
0.8399,-40.0,85.0,-8.0,362.0,-1027.0,158.0,-1
0.8695,-42.0,83.0,-9.0,369.0,-1018.0,171.0,-1
0.8991,-38.0,82.0,-8.0,388.0,-979.0,225.0,-1
0.8998,-34.0,79.0,-7.0,404.0,-972.0,241.0,-1
0.9007,-30.0,80.0,-5.0,427.0,-977.0,286.0,-1
0.9012,-26.0,77.0,-6.0,474.0,-1012.0,316.0,-1
0.9304,-26.0,75.0,-7.0,485.0,-1038.0,347.0,-1
0.9601,-31.0,59.0,-14.0,545.0,-1068.0,396.0,-1
0.9611,-20.0,55.0,-21.0,550.0,-1079.0,421.0,-1
0.9904,-13.0,52.0,-24.0,577.0,-1098.0,422.0,-1
0.9907,-2.0,55.0,-24.0,564.0,-1128.0,469.0,-1
1.0194,15.0,59.0,-28.0,577.0,-1117.0,550.0,-1
1.0499,29.0,54.0,-34.0,569.0,-1104.0,630.0,-1
1.0794,39.0,47.0,-36.0,548.0,-1074.0,704.0,-1
1.0803,52.0,35.0,-33.0,502.0,-1106.0,814.0,-1
1.0813,55.0,26.0,-34.0,476.0,-1138.0,874.0,-1
1.0822,38.0,-1.0,-40.0,449.0,-1180.0,984.0,-1
1.1092,23.0,-38.0,-50.0,397.0,-1215.0,1131.0,-1
1.11,36.0,-61.0,-54.0,286.0,-1201.0,1239.0,-1
1.1393,72.0,-64.0,-52.0,183.0,-1162.0,1311.0,-1
1.1402,119.0,-52.0,-48.0,34.0,-1141.0,1367.0,-1
1.1698,155.0,-37.0,-45.0,-113.0,-1089.0,1456.0,-1
1.1704,163.0,-41.0,-43.0,-279.0,-1084.0,1605.0,-1
1.1999,140.0,-86.0,-39.0,-505.0,-1108.0,1851.0,-1
1.2008,134.0,-144.0,-35.0,-828.0,-1137.0,2179.0,-1
1.2301,160.0,-199.0,-23.0,-1169.0,-1232.0,2517.0,-1
1.2304,213.0,-296.0,11.0,-1852.0,-1555.0,3083.0,-1
1.26,207.0,-454.0,41.0,-2482.0,-1941.0,3670.0,-1
1.2611,191.0,-688.0,49.0,-3344.0,-2636.0,3985.0,-1
1.2897,203.0,-927.0,28.0,-4231.0,-3399.0,3743.0,-1
1.2904,198.0,-1116.0,-15.0,-5138.0,-4064.0,3105.0,-1
1.32,177.0,-1230.0,-72.0,-5720.0,-4413.0,2444.0,-1
1.3209,114.0,-1247.0,-151.0,-6152.0,-4301.0,1532.0,-1
1.3493,80.0,-1188.0,-180.0,-5950.0,-4018.0,1234.0,-1
1.3501,49.0,-1050.0,-236.0,-5350.0,-3656.0,1021.0,-1
1.3801,57.0,-897.0,-303.0,-4904.0,-3310.0,882.0,-1
1.3804,89.0,-765.0,-338.0,-4570.0,-2948.0,702.0,-1
1.4101,122.0,-674.0,-334.0,-4194.0,-2559.0,408.0,-1
1.411,120.0,-596.0,-308.0,-3763.0,-2262.0,72.0,-1
1.4401,80.0,-537.0,-285.0,-3222.0,-2002.0,-142.0,-1
1.4411,20.0,-492.0,-275.0,-2834.0,-1856.0,-254.0,-1
1.47,-31.0,-452.0,-267.0,-2634.0,-1702.0,-356.0,-1
1.4702,-51.0,-408.0,-256.0,-2350.0,-1533.0,-454.0,-1
1.5003,-49.0,-353.0,-249.0,-2160.0,-1403.0,-555.0,-1
1.5304,-22.0,-280.0,-237.0,-1960.0,-1242.0,-635.0,-1
1.5311,1.0,-199.0,-217.0,-1761.0,-1129.0,-701.0,-1
1.532,1.0,-129.0,-200.0,-1554.0,-1085.0,-699.0,-1
1.56,-13.0,-77.0,-192.0,-1396.0,-1043.0,-629.0,-1
1.5605,-29.0,-41.0,-185.0,-1281.0,-984.0,-515.0,-1
1.5899,-34.0,-23.0,-171.0,-1177.0,-931.0,-419.0,-1
1.5906,-27.0,-17.0,-155.0,-1087.0,-872.0,-371.0,-1
1.6202,-11.0,-17.0,-139.0,-996.0,-778.0,-382.0,-1
1.6209,9.0,-11.0,-122.0,-914.0,-659.0,-436.0,-1
1.6799,27.0,0.0,-99.0,-811.0,-552.0,-502.0,-1
1.6802,36.0,9.0,-72.0,-680.0,-484.0,-549.0,-1
1.6811,37.0,10.0,-47.0,-535.0,-431.0,-590.0,-1
1.7098,37.0,10.0,-17.0,-398.0,-385.0,-626.0,-1
1.7105,40.0,13.0,3.0,-299.0,-362.0,-655.0,-1
1.7117,41.0,13.0,25.0,-236.0,-389.0,-680.0,-1
1.7401,40.0,14.0,49.0,-190.0,-431.0,-700.0,-1
1.741,38.0,20.0,66.0,-105.0,-527.0,-704.0,-1
1.77,31.0,23.0,75.0,31.0,-644.0,-715.0,-1
1.7711,26.0,30.0,73.0,142.0,-791.0,-697.0,-1
1.8005,12.0,38.0,74.0,290.0,-957.0,-686.0,-1
1.8009,-8.0,37.0,64.0,439.0,-1133.0,-636.0,-1
1.8303,-12.0,38.0,53.0,506.0,-1198.0,-594.0,-1
1.8304,-4.0,45.0,41.0,508.0,-1190.0,-573.0,-1
1.8595,11.0,63.0,27.0,469.0,-1118.0,-566.0,-1
1.8602,24.0,88.0,11.0,426.0,-1040.0,-556.0,-1
1.89,32.0,106.0,-2.0,376.0,-952.0,-512.0,-1
1.8904,33.0,118.0,-11.0,290.0,-863.0,-484.0,-1
1.9195,29.0,122.0,-13.0,239.0,-779.0,-446.0,-1
1.9203,19.0,116.0,-8.0,178.0,-723.0,-415.0,-1
1.9501,8.0,104.0,-1.0,171.0,-690.0,-395.0,-1
1.951,-1.0,85.0,10.0,197.0,-678.0,-395.0,-1
1.98,-8.0,67.0,17.0,205.0,-697.0,-400.0,-1
1.9806,-10.0,58.0,23.0,206.0,-710.0,-428.0,-1
2.0099,-7.0,56.0,27.0,198.0,-743.0,-442.0,-1
2.0108,-6.0,60.0,27.0,181.0,-810.0,-438.0,-1
2.0402,-2.0,64.0,27.0,226.0,-818.0,-429.0,-1
2.0409,4.0,70.0,25.0,283.0,-805.0,-404.0,-1
2.0696,11.0,78.0,22.0,271.0,-829.0,-378.0,-1
2.0702,16.0,82.0,23.0,267.0,-858.0,-357.0,-1
2.1,13.0,81.0,21.0,254.0,-874.0,-340.0,-1
2.1014,10.0,81.0,19.0,251.0,-860.0,-331.0,-1
2.1307,11.0,83.0,19.0,292.0,-809.0,-331.0,-1
2.1593,11.0,84.0,20.0,304.0,-786.0,-327.0,-1
2.1609,8.0,83.0,23.0,290.0,-790.0,-320.0,-1
2.1609,3.0,78.0,26.0,270.0,-797.0,-323.0,-1
2.1904,-4.0,73.0,30.0,256.0,-808.0,-327.0,-1
2.1906,-3.0,75.0,35.0,251.0,-824.0,-319.0,-1
2.2197,2.0,82.0,38.0,241.0,-844.0,-314.0,-1
2.2213,6.0,89.0,38.0,240.0,-859.0,-311.0,-1
2.2491,9.0,96.0,38.0,220.0,-863.0,-306.0,-1
2.2503,8.0,101.0,37.0,203.0,-871.0,-293.0,-1
2.2795,8.0,108.0,37.0,210.0,-871.0,-269.0,-1
2.2802,13.0,118.0,40.0,215.0,-884.0,-246.0,-1
2.3096,15.0,123.0,43.0,213.0,-906.0,-219.0,-1
2.3397,14.0,123.0,44.0,213.0,-914.0,-211.0,-1
2.3705,8.0,120.0,46.0,208.0,-931.0,-197.0,-1
2.3708,6.0,121.0,49.0,210.0,-980.0,-163.0,-1
2.3712,13.0,127.0,49.0,251.0,-1009.0,-141.0,-1
2.3717,22.0,139.0,47.0,298.0,-1029.0,-133.0,-1
2.4008,26.0,149.0,44.0,295.0,-1053.0,-117.0,-1
2.4012,23.0,153.0,43.0,284.0,-1055.0,-99.0,-1
2.4306,15.0,150.0,44.0,279.0,-1056.0,-70.0,-1
2.4309,8.0,146.0,44.0,275.0,-1069.0,-45.0,-1
2.4605,6.0,143.0,42.0,283.0,-1065.0,-29.0,-1
2.4606,12.0,151.0,41.0,286.0,-1062.0,-16.0,-1
2.4904,19.0,162.0,37.0,278.0,-1049.0,-11.0,-1
2.52,19.0,170.0,34.0,262.0,-1037.0,-12.0,-1
2.5203,14.0,171.0,34.0,250.0,-1040.0,-8.0,-1
2.5505,8.0,169.0,37.0,244.0,-1056.0,-6.0,-1
2.5512,1.0,167.0,36.0,266.0,-1094.0,0.0,-1
2.5519,5.0,173.0,32.0,293.0,-1145.0,20.0,-1
2.5837,15.0,186.0,23.0,321.0,-1173.0,34.0,-1
2.5839,25.0,201.0,12.0,324.0,-1168.0,37.0,-1
2.6106,24.0,207.0,4.0,308.0,-1148.0,41.0,-1
2.611,13.0,206.0,2.0,296.0,-1110.0,50.0,-1
2.6407,-2.0,197.0,0.0,278.0,-1072.0,63.0,-1
2.6408,-18.0,187.0,2.0,266.0,-1033.0,71.0,-1
2.6698,-30.0,181.0,3.0,259.0,-1023.0,85.0,-1
2.6701,-33.0,178.0,3.0,227.0,-1029.0,89.0,-1
2.6994,-31.0,180.0,1.0,217.0,-1030.0,91.0,-1
2.7,-31.0,185.0,0.0,203.0,-1058.0,106.0,-1
2.7306,-33.0,189.0,-3.0,180.0,-1050.0,114.0,-1
2.7306,-34.0,192.0,-4.0,150.0,-1011.0,129.0,-1
2.7601,-36.0,196.0,-7.0,131.0,-964.0,148.0,-1
2.7908,-33.0,200.0,-8.0,109.0,-930.0,174.0,-1
2.7912,-25.0,206.0,-9.0,88.0,-902.0,200.0,-1
2.7912,-13.0,210.0,-10.0,58.0,-920.0,227.0,-1
2.8205,-3.0,210.0,-11.0,13.0,-918.0,215.0,-1
2.821,0.0,207.0,-11.0,-25.0,-894.0,193.0,-1
2.8505,-6.0,202.0,-10.0,-64.0,-852.0,165.0,-1
2.8505,-17.0,200.0,-6.0,-90.0,-806.0,154.0,-1
2.8804,-25.0,198.0,0.0,-123.0,-789.0,157.0,-1
2.8808,-31.0,202.0,9.0,-106.0,-869.0,201.0,-1
2.9104,-36.0,201.0,16.0,-91.0,-968.0,241.0,-1
2.9105,-36.0,191.0,15.0,-79.0,-993.0,256.0,-1
2.9406,-34.0,186.0,14.0,-98.0,-982.0,213.0,-1
2.941,-34.0,181.0,14.0,-103.0,-996.0,163.0,-1
2.9705,-35.0,187.0,13.0,-116.0,-1021.0,126.0,-1
2.9708,-40.0,201.0,18.0,-120.0,-1113.0,145.0,-1
3.0005,-40.0,212.0,24.0,-106.0,-1168.0,205.0,-1
3.0009,-35.0,208.0,22.0,-97.0,-1183.0,228.0,-1
3.0306,-27.0,201.0,21.0,-97.0,-1186.0,227.0,-1
3.0308,-22.0,197.0,17.0,-70.0,-1173.0,205.0,-1
3.0605,-23.0,195.0,11.0,-57.0,-1190.0,190.0,-1
3.0605,-26.0,192.0,8.0,-53.0,-1208.0,178.0,-1
3.0904,-32.0,189.0,5.0,-33.0,-1236.0,184.0,-1
3.1198,-36.0,184.0,2.0,-15.0,-1269.0,191.0,-1
3.1202,-37.0,177.0,-2.0,9.0,-1290.0,184.0,-1
3.1212,-36.0,176.0,-7.0,23.0,-1291.0,202.0,-1
3.1495,-34.0,177.0,-13.0,34.0,-1247.0,244.0,-1
3.1502,-32.0,176.0,-19.0,40.0,-1196.0,292.0,-1
3.1801,-31.0,173.0,-19.0,30.0,-1163.0,342.0,-1
3.2102,-27.0,160.0,-16.0,26.0,-1151.0,361.0,-1
3.2105,-25.0,135.0,-14.0,33.0,-1155.0,335.0,-1
3.211,-26.0,114.0,-13.0,63.0,-1139.0,288.0,-1
3.2406,-31.0,104.0,-19.0,111.0,-1146.0,240.0,-1
3.2707,-37.0,109.0,-25.0,109.0,-1135.0,218.0,-1
3.2709,-37.0,117.0,-27.0,118.0,-1091.0,223.0,-1
3.3004,-39.0,112.0,-27.0,125.0,-1114.0,234.0,-1
3.3307,-39.0,82.0,-28.0,156.0,-1132.0,184.0,-1
3.3604,-46.0,83.0,-44.0,223.0,-1184.0,80.0,-1
3.3904,-57.0,78.0,-52.0,219.0,-1174.0,69.0,-1
3.4204,-55.0,47.0,-51.0,285.0,-1262.0,-28.0,-1
3.4502,-53.0,43.0,-57.0,332.0,-1273.0,-103.0,-1
3.4505,-56.0,47.0,-67.0,388.0,-1269.0,-177.0,-1
3.4799,-63.0,65.0,-77.0,439.0,-1144.0,-182.0,-1
3.5095,-54.0,98.0,-78.0,444.0,-1045.0,-22.0,-1
3.5102,-48.0,111.0,-77.0,433.0,-999.0,70.0,-1
3.5404,-52.0,110.0,-77.0,425.0,-979.0,150.0,-1
3.5709,-99.0,58.0,-74.0,451.0,-910.0,356.0,-1
3.5712,-97.0,45.0,-74.0,455.0,-913.0,442.0,-1
3.6302,-70.0,53.0,-75.0,455.0,-914.0,492.0,-1
3.6309,-34.0,68.0,-79.0,441.0,-911.0,538.0,-1
3.6314,-2.0,82.0,-87.0,408.0,-878.0,573.0,-1
3.6321,21.0,91.0,-95.0,359.0,-848.0,614.0,-1
3.6598,34.0,90.0,-96.0,292.0,-824.0,657.0,-1
3.6902,73.0,101.0,-83.0,167.0,-832.0,784.0,-1
3.6904,105.0,114.0,-79.0,92.0,-851.0,834.0,-1
3.7205,134.0,128.0,-78.0,14.0,-861.0,870.0,-1
3.7208,154.0,133.0,-73.0,-66.0,-835.0,904.0,-1
3.7506,169.0,133.0,-65.0,-157.0,-844.0,919.0,-1
3.7507,188.0,143.0,-51.0,-252.0,-840.0,950.0,-1
3.7804,210.0,169.0,-33.0,-389.0,-886.0,1013.0,-1
3.8103,213.0,186.0,-14.0,-520.0,-861.0,1138.0,-1
3.8105,202.0,181.0,13.0,-747.0,-815.0,1340.0,-1
3.8111,168.0,133.0,58.0,-990.0,-821.0,1623.0,-1
3.8405,118.0,30.0,112.0,-1247.0,-915.0,2010.0,-1
3.8409,85.0,-100.0,165.0,-1653.0,-1112.0,2590.0,-1
3.87,127.0,-244.0,221.0,-2135.0,-1421.0,3269.0,-1
3.8702,273.0,-530.0,326.0,-2901.0,-2208.0,3893.0,-1
3.9005,361.0,-822.0,399.0,-3724.0,-3173.0,3681.0,-1
3.9306,374.0,-1097.0,413.0,-4620.0,-4480.0,3042.0,-1
3.9308,337.0,-1287.0,321.0,-5334.0,-5404.0,2281.0,-1
3.9607,236.0,-1382.0,170.0,-5685.0,-5538.0,1548.0,-1
3.9613,128.0,-1365.0,29.0,-5551.0,-4960.0,1020.0,-1
3.9617,94.0,-1226.0,-50.0,-5224.0,-4247.0,689.0,-1
3.9905,120.0,-1037.0,-97.0,-4598.0,-3855.0,430.0,-1
3.9909,116.0,-885.0,-157.0,-4005.0,-3505.0,213.0,-1
4.02,99.0,-778.0,-209.0,-3561.0,-3077.0,2.0,-1
4.0202,80.0,-665.0,-243.0,-3084.0,-2630.0,-107.0,-1
4.0504,66.0,-580.0,-264.0,-2784.0,-2314.0,-191.0,-1
4.0507,49.0,-488.0,-254.0,-2390.0,-1849.0,-333.0,-1
4.0801,29.0,-422.0,-229.0,-2086.0,-1562.0,-361.0,-1
4.0809,7.0,-374.0,-210.0,-1783.0,-1359.0,-359.0,-1
4.1105,-8.0,-356.0,-202.0,-1640.0,-1292.0,-386.0,-1
4.1108,-24.0,-333.0,-191.0,-1494.0,-1207.0,-469.0,-1
4.1406,-31.0,-298.0,-182.0,-1336.0,-1155.0,-579.0,-1
4.1408,-28.0,-239.0,-179.0,-1186.0,-1124.0,-668.0,-1
4.1705,-21.0,-163.0,-179.0,-1021.0,-1077.0,-716.0,-1
4.1709,-19.0,-87.0,-182.0,-903.0,-1021.0,-678.0,-1
4.1995,-17.0,-31.0,-185.0,-824.0,-938.0,-567.0,-1
4.2001,-10.0,2.0,-180.0,-778.0,-858.0,-454.0,-1
4.2295,-2.0,12.0,-167.0,-709.0,-749.0,-387.0,-1
4.23,9.0,9.0,-150.0,-638.0,-616.0,-384.0,-1
4.2605,21.0,0.0,-128.0,-559.0,-536.0,-419.0,-1
4.2609,26.0,-10.0,-102.0,-471.0,-480.0,-499.0,-1
4.29,19.0,-15.0,-81.0,-362.0,-440.0,-582.0,-1
4.2903,9.0,-14.0,-61.0,-264.0,-424.0,-631.0,-1
4.3208,9.0,-8.0,-41.0,-161.0,-408.0,-656.0,-1
4.3212,14.0,-4.0,-30.0,-130.0,-402.0,-668.0,-1
4.3506,20.0,2.0,-8.0,-51.0,-416.0,-701.0,-1
4.351,18.0,4.0,0.0,-13.0,-418.0,-725.0,-1
4.3796,12.0,12.0,12.0,34.0,-437.0,-754.0,-1
4.4103,14.0,20.0,19.0,45.0,-455.0,-741.0,-1
4.4108,26.0,23.0,41.0,68.0,-512.0,-679.0,-1
4.411,26.0,26.0,46.0,105.0,-560.0,-688.0,-1
4.4398,24.0,30.0,55.0,153.0,-667.0,-685.0,-1
4.4401,19.0,36.0,56.0,221.0,-678.0,-675.0,-1
4.4697,13.0,39.0,62.0,262.0,-720.0,-670.0,-1
4.4704,14.0,48.0,67.0,279.0,-790.0,-676.0,-1
4.4996,14.0,64.0,62.0,280.0,-820.0,-636.0,-1
4.5004,18.0,74.0,55.0,326.0,-809.0,-571.0,-1
4.5296,27.0,77.0,49.0,401.0,-779.0,-547.0,-1
4.5305,33.0,80.0,46.0,442.0,-789.0,-559.0,-1
4.5601,24.0,78.0,40.0,490.0,-801.0,-566.0,-1
4.5603,9.0,64.0,37.0,529.0,-809.0,-565.0,-1
4.5904,1.0,51.0,39.0,576.0,-803.0,-565.0,-1
4.5908,6.0,39.0,42.0,611.0,-813.0,-545.0,-1
4.6204,14.0,35.0,43.0,620.0,-837.0,-552.0,-1
4.6207,15.0,32.0,38.0,637.0,-889.0,-560.0,-1
4.6498,11.0,32.0,27.0,644.0,-895.0,-578.0,-1
4.6502,5.0,34.0,16.0,602.0,-906.0,-574.0,-1
4.6802,3.0,37.0,6.0,534.0,-879.0,-538.0,-1
4.6806,6.0,40.0,0.0,451.0,-838.0,-509.0,-1
4.7102,10.0,44.0,-2.0,382.0,-803.0,-477.0,-1
4.7105,15.0,48.0,-4.0,337.0,-763.0,-465.0,-1
4.7405,17.0,55.0,-4.0,280.0,-735.0,-460.0,-1
4.7409,15.0,60.0,-2.0,244.0,-701.0,-456.0,-1
4.7705,10.0,65.0,0.0,232.0,-674.0,-454.0,-1
4.7707,6.0,69.0,4.0,207.0,-662.0,-426.0,-1
4.7999,7.0,70.0,10.0,235.0,-637.0,-394.0,-1
4.8001,7.0,68.0,20.0,251.0,-670.0,-382.0,-1
4.8294,5.0,65.0,27.0,307.0,-711.0,-379.0,-1
4.8301,6.0,65.0,32.0,377.0,-778.0,-367.0,-1
4.8608,8.0,64.0,31.0,405.0,-824.0,-347.0,-1
4.8611,11.0,63.0,28.0,399.0,-875.0,-344.0,-1
4.8901,14.0,67.0,25.0,387.0,-890.0,-339.0,-1
4.8903,17.0,69.0,25.0,378.0,-867.0,-348.0,-1
4.9203,16.0,67.0,26.0,372.0,-845.0,-356.0,-1
4.9206,10.0,65.0,29.0,356.0,-857.0,-355.0,-1
4.9503,4.0,65.0,29.0,350.0,-879.0,-348.0,-1
4.9507,2.0,73.0,23.0,312.0,-870.0,-342.0,-1
4.9806,7.0,85.0,20.0,276.0,-856.0,-330.0,-1
5.0106,12.0,94.0,18.0,271.0,-825.0,-312.0,-1
5.0106,13.0,102.0,15.0,258.0,-818.0,-282.0,-1
5.011,14.0,110.0,17.0,264.0,-819.0,-268.0,-1
5.0402,6.0,113.0,18.0,280.0,-828.0,-246.0,-1
5.0405,-3.0,116.0,20.0,305.0,-890.0,-211.0,-1
5.0706,-12.0,116.0,19.0,330.0,-970.0,-169.0,-1
5.1004,-12.0,122.0,15.0,358.0,-980.0,-132.0,-1
5.1009,-1.0,136.0,14.0,384.0,-954.0,-112.0,-1
5.1012,7.0,146.0,12.0,388.0,-941.0,-88.0,-1
5.1299,14.0,153.0,13.0,377.0,-927.0,-69.0,-1
5.1302,14.0,157.0,13.0,373.0,-904.0,-60.0,-1
5.1604,5.0,157.0,15.0,346.0,-873.0,-53.0,-1
5.1608,-4.0,154.0,18.0,326.0,-852.0,-51.0,-1
5.1905,-10.0,153.0,25.0,310.0,-837.0,-35.0,-1
5.2201,-11.0,156.0,33.0,292.0,-823.0,-29.0,-1
5.2502,-10.0,163.0,40.0,315.0,-854.0,-22.0,-1
5.2505,-9.0,178.0,38.0,341.0,-909.0,-1.0,-1
5.2508,-7.0,189.0,39.0,341.0,-948.0,30.0,-1
5.2516,-12.0,190.0,39.0,345.0,-967.0,67.0,-1
5.2801,-21.0,186.0,42.0,339.0,-986.0,105.0,-1
5.2804,-31.0,180.0,44.0,370.0,-1018.0,136.0,-1
5.31,-33.0,181.0,44.0,396.0,-1056.0,165.0,-1
5.3411,-27.0,188.0,41.0,414.0,-1060.0,186.0,-1
5.3699,-21.0,196.0,39.0,424.0,-1065.0,208.0,-1
5.3699,-20.0,202.0,34.0,434.0,-1071.0,232.0,-1
5.3711,-27.0,199.0,30.0,438.0,-1071.0,256.0,-1
5.3713,-35.0,192.0,28.0,438.0,-1070.0,286.0,-1
5.4001,-40.0,186.0,27.0,433.0,-1030.0,303.0,-1
5.4003,-42.0,182.0,28.0,440.0,-1020.0,316.0,-1
5.4306,-40.0,179.0,28.0,470.0,-1046.0,341.0,-1
5.431,-33.0,180.0,27.0,494.0,-1083.0,360.0,-1
5.4605,-24.0,183.0,19.0,492.0,-1085.0,368.0,-1
5.4904,-17.0,183.0,6.0,470.0,-1025.0,372.0,-1
5.4908,-14.0,175.0,-1.0,406.0,-971.0,361.0,-1
5.4912,-15.0,165.0,-3.0,322.0,-908.0,335.0,-1
5.5209,-19.0,155.0,2.0,275.0,-841.0,307.0,-1
5.5211,-27.0,142.0,19.0,243.0,-823.0,309.0,-1
5.5503,-34.0,129.0,37.0,194.0,-857.0,308.0,-1
5.5505,-37.0,117.0,45.0,190.0,-899.0,319.0,-1
5.58,-33.0,107.0,35.0,229.0,-980.0,321.0,-1
5.5803,-28.0,111.0,14.0,221.0,-1003.0,294.0,-1
5.6093,-18.0,124.0,5.0,152.0,-950.0,269.0,-1
5.6101,-13.0,133.0,8.0,98.0,-950.0,285.0,-1
5.6394,-16.0,129.0,15.0,66.0,-940.0,286.0,-1
5.6697,-24.0,120.0,22.0,33.0,-914.0,278.0,-1
5.6701,-29.0,111.0,29.0,-11.0,-897.0,262.0,-1
5.6709,-32.0,106.0,35.0,-28.0,-919.0,246.0,-1
5.7,-30.0,106.0,39.0,-4.0,-1015.0,252.0,-1
5.7299,-25.0,111.0,32.0,1.0,-1044.0,248.0,-1
5.73,-22.0,119.0,29.0,5.0,-1054.0,271.0,-1
5.7312,-18.0,122.0,30.0,-11.0,-1047.0,271.0,-1
5.7599,-15.0,123.0,28.0,-22.0,-1022.0,275.0,-1
5.7605,-15.0,121.0,33.0,-34.0,-1023.0,273.0,-1
5.7903,-17.0,117.0,39.0,-21.0,-1062.0,299.0,-1
5.8207,-16.0,113.0,38.0,8.0,-1118.0,316.0,-1
5.821,-12.0,109.0,32.0,11.0,-1147.0,324.0,-1
5.8213,-4.0,107.0,26.0,9.0,-1156.0,316.0,-1
5.8505,1.0,107.0,22.0,-8.0,-1127.0,301.0,-1
5.851,2.0,101.0,22.0,-25.0,-1092.0,277.0,-1
5.9106,-3.0,92.0,27.0,-46.0,-1052.0,227.0,-1
5.911,-14.0,83.0,32.0,-44.0,-1036.0,199.0,-1
5.9117,-25.0,70.0,37.0,-55.0,-1026.0,166.0,-1
5.9404,-29.0,64.0,39.0,-69.0,-1023.0,125.0,-1
5.9406,-28.0,69.0,33.0,-86.0,-992.0,83.0,-1
5.9705,-36.0,81.0,26.0,-68.0,-981.0,23.0,-1
5.9707,-40.0,119.0,24.0,-116.0,-1007.0,-4.0,-1
6.0,-39.0,126.0,21.0,-155.0,-996.0,-37.0,-1
6.0006,-41.0,127.0,22.0,-171.0,-1056.0,-34.0,-1
6.0302,-43.0,130.0,25.0,-171.0,-1078.0,-53.0,-1
6.0605,-45.0,140.0,25.0,-170.0,-1137.0,-74.0,-1
6.0612,-43.0,152.0,25.0,-187.0,-1177.0,-115.0,-1
6.0614,-43.0,157.0,20.0,-167.0,-1206.0,-144.0,-1
6.0906,-40.0,176.0,14.0,-177.0,-1237.0,-172.0,-1
6.1197,-27.0,186.0,13.0,-180.0,-1271.0,-143.0,-1
6.1203,-14.0,192.0,11.0,-204.0,-1251.0,-141.0,-1
6.1499,-11.0,194.0,10.0,-152.0,-1222.0,-136.0,-1
6.1798,-23.0,193.0,-3.0,-114.0,-1287.0,-165.0,-1
6.2101,-25.0,203.0,-31.0,-55.0,-1338.0,-162.0,-1
6.2401,-1.0,186.0,-38.0,83.0,-1303.0,-294.0,-1
6.2704,-3.0,166.0,-60.0,112.0,-1386.0,-238.0,-1
6.3006,10.0,127.0,-118.0,136.0,-1524.0,-110.0,-1
6.3006,-25.0,115.0,-121.0,232.0,-1295.0,-25.0,-1
6.3304,-18.0,119.0,-118.0,145.0,-1412.0,-15.0,-1
6.36,-17.0,106.0,-121.0,348.0,-1154.0,180.0,-1
6.3604,-25.0,114.0,-128.0,348.0,-1196.0,291.0,-1
6.3902,-32.0,101.0,-133.0,371.0,-1196.0,339.0,-1
6.4197,-78.0,27.0,-135.0,485.0,-1217.0,502.0,-1
6.4503,-82.0,7.0,-137.0,522.0,-1274.0,552.0,-1
6.4508,-65.0,7.0,-144.0,506.0,-1258.0,581.0,-1
6.4511,-34.0,13.0,-156.0,506.0,-1203.0,615.0,-1
6.4803,-5.0,16.0,-168.0,500.0,-1153.0,593.0,-1
6.5103,15.0,16.0,-195.0,497.0,-1092.0,434.0,-1
6.5106,20.0,31.0,-209.0,467.0,-1016.0,373.0,-1
6.5405,30.0,52.0,-223.0,473.0,-1024.0,294.0,-1
6.5409,54.0,92.0,-237.0,471.0,-1031.0,185.0,-1
6.5705,80.0,138.0,-255.0,406.0,-1032.0,66.0,-1
6.5708,96.0,196.0,-268.0,270.0,-976.0,5.0,-1
6.6001,109.0,251.0,-272.0,102.0,-879.0,0.0,-1
6.6004,118.0,314.0,-264.0,-187.0,-678.0,112.0,-1
6.66,142.0,378.0,-219.0,-506.0,-426.0,318.0,-1
6.6605,168.0,444.0,-156.0,-820.0,-205.0,564.0,-1
6.6608,150.0,495.0,-70.0,-1301.0,-156.0,1041.0,-1
6.6615,75.0,436.0,-5.0,-1706.0,-183.0,1621.0,-1
6.6906,12.0,327.0,82.0,-2205.0,-330.0,2369.0,-1
6.691,22.0,178.0,199.0,-2751.0,-609.0,3214.0,-1
6.7202,115.0,-10.0,332.0,-3414.0,-1040.0,4108.0,-1
6.7204,246.0,-301.0,485.0,-4220.0,-1629.0,4857.0,-1
6.7503,366.0,-674.0,666.0,-5329.0,-2486.0,4869.0,-1
6.7505,440.0,-1060.0,819.0,-6880.0,-3811.0,4472.0,-1
6.7806,480.0,-1398.0,874.0,-8011.0,-5801.0,3939.0,-1
6.7807,405.0,-1598.0,718.0,-8011.0,-7833.0,3104.0,-1
6.8107,185.0,-1701.0,369.0,-8011.0,-8011.0,2217.0,-1
6.8108,90.0,-1648.0,142.0,-8011.0,-7274.0,2024.0,-1
6.8404,188.0,-1499.0,48.0,-8011.0,-6331.0,990.0,-1
6.8406,181.0,-1314.0,-71.0,-7793.0,-5100.0,-451.0,-1
6.8706,172.0,-1040.0,-162.0,-6222.0,-3806.0,-1309.0,-1
6.8708,122.0,-735.0,-204.0,-4768.0,-3010.0,-1539.0,-1
6.9007,16.0,-533.0,-250.0,-3749.0,-2390.0,-1252.0,-1
6.9007,-45.0,-399.0,-270.0,-3155.0,-1946.0,-826.0,-1
6.9294,-38.0,-323.0,-253.0,-2707.0,-1659.0,-544.0,-1
6.9301,5.0,-275.0,-205.0,-2218.0,-1399.0,-530.0,-1
6.9606,16.0,-239.0,-180.0,-1770.0,-1286.0,-651.0,-1
6.9607,5.0,-185.0,-173.0,-1439.0,-1229.0,-710.0,-1
6.9909,-2.0,-114.0,-175.0,-1144.0,-1147.0,-670.0,-1
6.9909,-4.0,-40.0,-177.0,-910.0,-1033.0,-550.0,-1
7.0207,-2.0,15.0,-173.0,-751.0,-950.0,-356.0,-1
7.0207,-1.0,38.0,-159.0,-638.0,-892.0,-186.0,-1
7.0503,0.0,29.0,-134.0,-551.0,-822.0,-55.0,-1
7.0506,6.0,2.0,-111.0,-425.0,-786.0,-15.0,-1
7.0807,16.0,-21.0,-98.0,-335.0,-755.0,-67.0,-1
7.0811,33.0,-19.0,-90.0,-231.0,-698.0,-182.0,-1
7.1106,49.0,-1.0,-84.0,-124.0,-613.0,-290.0,-1
7.111,56.0,12.0,-75.0,-37.0,-592.0,-354.0,-1
7.14,59.0,6.0,-54.0,36.0,-552.0,-336.0,-1
7.1403,50.0,-6.0,-30.0,70.0,-631.0,-390.0,-1
7.1707,43.0,-11.0,-20.0,152.0,-666.0,-396.0,-1
7.1711,40.0,-19.0,-15.0,220.0,-720.0,-409.0,-1
7.2006,48.0,-7.0,-7.0,277.0,-727.0,-454.0,-1
7.2007,57.0,13.0,-5.0,324.0,-754.0,-457.0,-1
7.2299,62.0,29.0,-9.0,376.0,-816.0,-450.0,-1
7.2305,58.0,35.0,-11.0,338.0,-836.0,-442.0,-1
7.2595,46.0,17.0,-15.0,395.0,-839.0,-372.0,-1
7.2899,32.0,-1.0,-12.0,385.0,-925.0,-423.0,-1
7.2901,27.0,11.0,-15.0,475.0,-908.0,-422.0,-1
7.291,27.0,23.0,-1.0,426.0,-947.0,-401.0,-1
7.3197,27.0,35.0,3.0,487.0,-927.0,-411.0,-1
7.3203,21.0,49.0,-4.0,450.0,-908.0,-420.0,-1
7.3501,21.0,57.0,-7.0,416.0,-875.0,-389.0,-1
7.3503,19.0,54.0,-4.0,401.0,-866.0,-353.0,-1
7.3802,8.0,46.0,0.0,409.0,-871.0,-348.0,-1
7.4109,-5.0,36.0,7.0,427.0,-859.0,-340.0,-1
7.4111,-13.0,31.0,14.0,449.0,-863.0,-318.0,-1
7.4114,-12.0,32.0,19.0,474.0,-862.0,-302.0,-1
7.4404,-9.0,38.0,19.0,506.0,-870.0,-317.0,-1
7.4408,-7.0,49.0,14.0,531.0,-877.0,-325.0,-1
7.4705,1.0,57.0,6.0,553.0,-875.0,-298.0,-1
7.4709,5.0,58.0,4.0,579.0,-881.0,-244.0,-1
7.5003,5.0,54.0,1.0,599.0,-870.0,-207.0,-1
7.5005,3.0,42.0,-1.0,610.0,-895.0,-167.0,-1
7.5304,11.0,16.0,-6.0,573.0,-855.0,-102.0,-1
7.5305,20.0,25.0,-11.0,597.0,-888.0,-128.0,-1
7.5604,22.0,22.0,-19.0,559.0,-846.0,-216.0,-1
7.5607,44.0,16.0,-26.0,530.0,-878.0,-155.0,-1
7.5901,48.0,35.0,-9.0,485.0,-857.0,-92.0,-1
7.6622,48.0,51.0,-2.0,432.0,-804.0,-151.0,-1
7.6781,42.0,62.0,13.0,432.0,-806.0,-146.0,-1
7.6781,30.0,65.0,14.0,444.0,-807.0,-151.0,-1
7.6784,10.0,67.0,11.0,425.0,-804.0,-156.0,-1
7.6802,0.0,70.0,10.0,389.0,-831.0,-138.0,-1
7.6804,-10.0,69.0,8.0,342.0,-874.0,-85.0,-1
7.7097,-15.0,65.0,0.0,341.0,-882.0,-53.0,-1
7.7101,-15.0,66.0,-2.0,308.0,-872.0,-58.0,-1
7.74,-13.0,75.0,0.0,280.0,-870.0,-68.0,-1
7.7404,-11.0,86.0,1.0,271.0,-873.0,-60.0,-1
7.7705,-17.0,90.0,-1.0,264.0,-886.0,-29.0,-1
7.7708,-21.0,97.0,-3.0,263.0,-873.0,-7.0,-1
7.8001,-19.0,107.0,-1.0,256.0,-869.0,11.0,-1
7.8004,-16.0,114.0,5.0,269.0,-869.0,44.0,-1
7.8306,-14.0,114.0,9.0,308.0,-869.0,79.0,-1
7.8609,-21.0,106.0,13.0,321.0,-863.0,123.0,-1
7.8609,-35.0,92.0,26.0,307.0,-882.0,141.0,-1
7.8612,-59.0,81.0,45.0,363.0,-854.0,122.0,-1
7.8901,-88.0,67.0,60.0,315.0,-865.0,122.0,-1
7.8904,-99.0,65.0,58.0,318.0,-871.0,123.0,-1
7.9201,-85.0,78.0,58.0,299.0,-885.0,104.0,-1
7.9203,-58.0,106.0,58.0,274.0,-897.0,95.0,-1
7.9496,-35.0,134.0,60.0,243.0,-876.0,104.0,-1
7.9503,-33.0,145.0,56.0,234.0,-834.0,109.0,-1
7.9798,-40.0,154.0,52.0,204.0,-869.0,118.0,-1
7.9803,-48.0,163.0,52.0,184.0,-875.0,130.0,-1
8.0096,-53.0,168.0,56.0,175.0,-885.0,166.0,-1
8.0104,-51.0,178.0,62.0,161.0,-947.0,199.0,-1
8.0396,-40.0,188.0,62.0,211.0,-1011.0,247.0,-1
8.0404,-29.0,194.0,61.0,203.0,-1040.0,240.0,-1
8.0705,-20.0,207.0,55.0,196.0,-1018.0,212.0,-1
8.0706,-16.0,227.0,47.0,179.0,-998.0,205.0,-1
8.0998,-18.0,245.0,46.0,141.0,-1027.0,223.0,-1
8.1002,-23.0,258.0,49.0,152.0,-1055.0,267.0,-1
8.1298,-23.0,263.0,53.0,169.0,-1141.0,324.0,-1
8.1304,-21.0,267.0,54.0,201.0,-1211.0,371.0,-1
8.1604,-19.0,262.0,51.0,210.0,-1296.0,390.0,-1
8.1604,-22.0,265.0,41.0,245.0,-1330.0,388.0,-1
8.1904,-20.0,268.0,29.0,239.0,-1355.0,400.0,-1
8.1906,-13.0,268.0,12.0,234.0,-1342.0,451.0,-1
8.2198,-6.0,272.0,-13.0,296.0,-1295.0,416.0,-1
8.22,-9.0,279.0,-22.0,220.0,-1248.0,409.0,-1
8.2497,-16.0,280.0,-17.0,116.0,-1194.0,370.0,-1
8.2505,-28.0,273.0,-12.0,80.0,-1130.0,322.0,-1
8.281,-39.0,255.0,-13.0,47.0,-1074.0,327.0,-1
8.2811,-41.0,238.0,-12.0,21.0,-1075.0,356.0,-1
8.3103,-36.0,223.0,-8.0,46.0,-1065.0,395.0,-1
8.3108,-34.0,212.0,-13.0,114.0,-1055.0,435.0,-1
8.3405,-38.0,212.0,-18.0,119.0,-1055.0,444.0,-1
8.3406,-39.0,213.0,-23.0,70.0,-1034.0,422.0,-1
8.3707,-38.0,212.0,-24.0,41.0,-993.0,425.0,-1
8.371,-39.0,205.0,-27.0,37.0,-936.0,427.0,-1
8.4006,-41.0,187.0,-22.0,21.0,-926.0,417.0,-1
8.4007,-44.0,170.0,-18.0,27.0,-907.0,397.0,-1
8.4305,-47.0,159.0,-14.0,28.0,-929.0,391.0,-1
8.4308,-52.0,152.0,-7.0,37.0,-945.0,378.0,-1
8.4603,-60.0,143.0,-12.0,49.0,-975.0,351.0,-1
8.4606,-59.0,135.0,-13.0,21.0,-969.0,357.0,-1
8.4906,-49.0,132.0,-6.0,18.0,-919.0,332.0,-1
8.5205,-38.0,124.0,-3.0,3.0,-909.0,318.0,-1
8.5208,-36.0,120.0,0.0,-14.0,-899.0,285.0,-1
8.5212,-32.0,118.0,15.0,-46.0,-945.0,245.0,-1
8.5505,-24.0,115.0,38.0,-84.0,-944.0,228.0,-1
8.551,-3.0,119.0,70.0,-81.0,-928.0,212.0,-1
8.5807,6.0,119.0,80.0,-51.0,-932.0,161.0,-1
8.5811,13.0,102.0,72.0,-43.0,-944.0,113.0,-1
8.6098,1.0,105.0,53.0,-11.0,-1066.0,114.0,-1
8.6101,-6.0,106.0,40.0,-33.0,-1118.0,127.0,-1
8.6403,-9.0,107.0,27.0,-44.0,-1121.0,127.0,-1
8.6409,-6.0,109.0,20.0,-86.0,-1122.0,88.0,-1
8.6699,-5.0,113.0,17.0,-75.0,-1104.0,65.0,-1
8.6702,-9.0,123.0,8.0,-88.0,-1094.0,33.0,-1
8.6998,-12.0,126.0,2.0,-86.0,-1096.0,31.0,-1
8.7002,-20.0,130.0,-4.0,-86.0,-1121.0,16.0,-1
8.7294,-25.0,128.0,-9.0,-87.0,-1119.0,22.0,-1
8.7303,-26.0,129.0,-13.0,-76.0,-1106.0,28.0,-1
8.7601,-23.0,126.0,-12.0,-88.0,-1083.0,28.0,-1
8.7606,-24.0,117.0,-7.0,-85.0,-1127.0,-36.0,-1
8.7893,-28.0,107.0,-5.0,-65.0,-1171.0,-106.0,-1
8.7901,-37.0,101.0,-12.0,-41.0,-1184.0,-180.0,-1
8.8206,-44.0,106.0,-18.0,-56.0,-1169.0,-195.0,-1
8.8206,-40.0,122.0,-21.0,-62.0,-1148.0,-200.0,-1
8.8504,-28.0,151.0,-20.0,-74.0,-1166.0,-143.0,-1
8.8808,-24.0,152.0,-21.0,-81.0,-1156.0,-109.0,-1
8.8811,-20.0,152.0,-21.0,-83.0,-1122.0,-80.0,-1
8.9103,-17.0,149.0,-20.0,-75.0,-1117.0,-70.0,-1
8.9403,-18.0,147.0,-20.0,-66.0,-1110.0,-52.0,-1
8.9408,-21.0,141.0,-21.0,-64.0,-1103.0,-33.0,-1
8.9411,-25.0,130.0,-19.0,-67.0,-1084.0,-7.0,-1
8.9704,-26.0,124.0,-20.0,-47.0,-1087.0,-10.0,-1
9.0007,-28.0,116.0,-23.0,-49.0,-1099.0,-32.0,-1
9.0007,-30.0,110.0,-26.0,-38.0,-1095.0,-59.0,-1
9.0305,-30.0,106.0,-29.0,-25.0,-1125.0,-100.0,-1
9.0602,-29.0,113.0,-36.0,-42.0,-1109.0,-111.0,-1
9.0901,-23.0,111.0,-40.0,-5.0,-1071.0,-128.0,-1
9.1202,-26.0,92.0,-39.0,21.0,-1085.0,-222.0,-1
9.1505,-37.0,84.0,-40.0,57.0,-1085.0,-258.0,-1
9.2103,-43.0,87.0,-39.0,109.0,-1122.0,-251.0,-1
9.2108,-43.0,84.0,-40.0,165.0,-1140.0,-210.0,-1
9.211,-46.0,79.0,-41.0,202.0,-1172.0,-197.0,-1
9.24,-50.0,74.0,-42.0,264.0,-1218.0,-186.0,-1
9.2403,-55.0,77.0,-45.0,325.0,-1293.0,-151.0,-1
9.27,-50.0,85.0,-53.0,358.0,-1301.0,-91.0,-1
9.2997,-32.0,71.0,-73.0,420.0,-1210.0,-66.0,-1
9.3003,-35.0,60.0,-84.0,464.0,-1151.0,-87.0,-1
9.3295,-40.0,55.0,-98.0,508.0,-1074.0,-112.0,-1
9.3302,-42.0,62.0,-106.0,553.0,-1056.0,-126.0,-1
9.3606,-42.0,78.0,-116.0,619.0,-1078.0,-143.0,-1
9.3908,-39.0,99.0,-130.0,643.0,-1046.0,-140.0,-1
9.3908,-28.0,130.0,-141.0,653.0,-994.0,-102.0,-1
9.3912,-15.0,164.0,-153.0,647.0,-950.0,-39.0,-1
9.4206,-6.0,200.0,-172.0,567.0,-870.0,49.0,-1
9.4207,13.0,251.0,-192.0,382.0,-788.0,225.0,-1
9.45,36.0,289.0,-202.0,191.0,-696.0,369.0,-1
9.4502,64.0,333.0,-207.0,-21.0,-567.0,517.0,-1
9.4795,91.0,375.0,-207.0,-280.0,-462.0,650.0,-1
9.4803,120.0,410.0,-194.0,-563.0,-318.0,779.0,-1
9.5094,131.0,428.0,-166.0,-909.0,-204.0,940.0,-1
9.5103,100.0,374.0,-127.0,-1164.0,-77.0,1129.0,-1
9.5413,57.0,296.0,-87.0,-1400.0,-23.0,1325.0,-1
9.5415,36.0,237.0,-45.0,-1711.0,-86.0,1478.0,-1
9.5708,46.0,197.0,14.0,-2113.0,-63.0,1688.0,-1
9.6007,81.0,162.0,97.0,-2582.0,-110.0,1885.0,-1
9.6009,93.0,103.0,216.0,-3203.0,-401.0,2142.0,-1
9.6012,53.0,-59.0,355.0,-4081.0,-795.0,2730.0,-1
9.6297,97.0,-494.0,601.0,-5156.0,-1192.0,4194.0,-1
9.63,309.0,-896.0,823.0,-6474.0,-2201.0,4552.0,-1
9.6594,523.0,-1206.0,1049.0,-8011.0,-4134.0,4149.0,-1
9.6601,632.0,-1330.0,1202.0,-8011.0,-6629.0,3885.0,-1
9.6906,483.0,-1449.0,1054.0,-8011.0,-8011.0,3368.0,-1
9.6907,185.0,-1579.0,784.0,-8011.0,-8011.0,2761.0,-1
9.7202,56.0,-1602.0,517.0,-8011.0,-7644.0,2610.0,-1
9.7203,282.0,-1442.0,279.0,-7931.0,-7038.0,1444.0,-1
9.7505,367.0,-1169.0,81.0,-6193.0,-5589.0,14.0,-1
9.751,334.0,-859.0,10.0,-4545.0,-4201.0,-589.0,-1
9.7795,217.0,-640.0,-16.0,-3273.0,-3189.0,-503.0,-1
9.7803,72.0,-523.0,-65.0,-2500.0,-2611.0,-194.0,-1
9.8102,9.0,-439.0,-100.0,-2148.0,-2282.0,114.0,-1
9.8105,45.0,-360.0,-92.0,-1772.0,-1874.0,342.0,-1
9.84,60.0,-342.0,-72.0,-1488.0,-1653.0,316.0,-1
9.8404,40.0,-330.0,-55.0,-1234.0,-1459.0,192.0,-1
9.8708,17.0,-292.0,-44.0,-1013.0,-1338.0,111.0,-1
9.871,2.0,-241.0,-47.0,-834.0,-1212.0,82.0,-1
9.9005,2.0,-185.0,-60.0,-697.0,-1078.0,109.0,-1
9.9005,15.0,-135.0,-73.0,-583.0,-946.0,162.0,-1
9.9296,37.0,-96.0,-84.0,-470.0,-796.0,224.0,-1
9.9304,56.0,-72.0,-91.0,-388.0,-670.0,258.0,-1
9.9597,67.0,-66.0,-82.0,-281.0,-547.0,263.0,-1
9.9603,72.0,-75.0,-68.0,-176.0,-434.0,217.0,-1
9.9896,75.0,-84.0,-50.0,-77.0,-371.0,144.0,-1
9.9902,72.0,-89.0,-31.0,21.0,-360.0,41.0,-1
10.02,65.0,-89.0,-13.0,122.0,-413.0,-37.0,-1
10.0206,50.0,-88.0,0.0,210.0,-490.0,-95.0,-1
10.0497,32.0,-85.0,3.0,281.0,-589.0,-129.0,-1
10.0505,22.0,-75.0,0.0,311.0,-654.0,-134.0,-1
10.0801,24.0,-57.0,-10.0,344.0,-686.0,-138.0,-1
10.0804,40.0,-46.0,-27.0,367.0,-707.0,-103.0,-1
10.1096,66.0,-18.0,-29.0,308.0,-700.0,-113.0,-1
10.1103,80.0,6.0,-28.0,307.0,-718.0,-102.0,-1
10.1397,81.0,4.0,-20.0,347.0,-711.0,-72.0,-1
10.1403,73.0,0.0,-4.0,339.0,-717.0,-77.0,-1
10.1706,62.0,-7.0,7.0,344.0,-759.0,-39.0,-1
10.1708,52.0,-21.0,17.0,382.0,-835.0,-28.0,-1
10.2005,43.0,-28.0,24.0,421.0,-854.0,-54.0,-1
10.2008,40.0,-29.0,27.0,460.0,-836.0,-88.0,-1
10.231,45.0,-23.0,30.0,495.0,-825.0,-104.0,-1
10.2599,46.0,-21.0,30.0,484.0,-839.0,-119.0,-1
10.2601,37.0,-20.0,30.0,559.0,-913.0,-102.0,-1
10.2611,25.0,-12.0,28.0,623.0,-941.0,-89.0,-1
10.2896,31.0,-8.0,30.0,697.0,-992.0,-63.0,-1
10.2901,39.0,-4.0,38.0,719.0,-995.0,-56.0,-1
10.3199,48.0,0.0,41.0,738.0,-986.0,-44.0,-1
10.3205,46.0,-1.0,37.0,723.0,-1016.0,-64.0,-1
10.3497,41.0,-6.0,31.0,703.0,-1013.0,-71.0,-1
10.3795,38.0,-5.0,22.0,659.0,-991.0,-90.0,-1
10.38,42.0,0.0,16.0,612.0,-975.0,-119.0,-1
10.381,47.0,12.0,12.0,543.0,-959.0,-149.0,-1
10.4096,43.0,18.0,12.0,502.0,-962.0,-154.0,-1
10.4102,34.0,23.0,12.0,466.0,-949.0,-153.0,-1
10.4402,28.0,31.0,10.0,445.0,-950.0,-144.0,-1
10.4405,25.0,39.0,7.0,433.0,-959.0,-137.0,-1
10.4708,24.0,48.0,3.0,419.0,-963.0,-122.0,-1
10.4708,23.0,59.0,0.0,401.0,-962.0,-112.0,-1
10.5007,21.0,69.0,0.0,377.0,-947.0,-97.0,-1
10.5007,17.0,78.0,2.0,346.0,-928.0,-85.0,-1
10.5305,10.0,88.0,3.0,325.0,-933.0,-58.0,-1
10.5307,1.0,96.0,1.0,304.0,-925.0,-24.0,-1
10.561,-5.0,105.0,0.0,278.0,-921.0,20.0,-1
10.5611,-8.0,116.0,0.0,266.0,-914.0,53.0,-1
10.5905,-12.0,123.0,-2.0,278.0,-927.0,93.0,-1
10.5909,-20.0,128.0,-2.0,288.0,-957.0,132.0,-1
10.62,-28.0,134.0,-3.0,321.0,-1014.0,176.0,-1
10.6202,-37.0,139.0,-7.0,383.0,-1062.0,219.0,-1
10.6506,-44.0,143.0,-13.0,408.0,-1075.0,287.0,-1
10.6509,-42.0,145.0,-16.0,408.0,-1074.0,360.0,-1
10.6806,-31.0,133.0,-17.0,467.0,-1047.0,435.0,-1
10.6806,-15.0,116.0,-12.0,519.0,-1016.0,450.0,-1
10.7103,-6.0,104.0,-8.0,539.0,-965.0,392.0,-1
10.7105,-6.0,99.0,-4.0,570.0,-924.0,343.0,-1
10.7404,-16.0,96.0,-3.0,582.0,-895.0,310.0,-1
10.7408,-28.0,95.0,-4.0,565.0,-874.0,306.0,-1
10.7705,-35.0,96.0,-3.0,526.0,-853.0,317.0,-1
10.7709,-36.0,94.0,-4.0,476.0,-832.0,324.0,-1
10.8058,-36.0,94.0,-3.0,421.0,-790.0,306.0,-1
10.8059,-39.0,93.0,0.0,352.0,-755.0,265.0,-1
10.83,-51.0,88.0,4.0,290.0,-708.0,211.0,-1
10.8303,-67.0,85.0,11.0,224.0,-671.0,167.0,-1
10.8606,-85.0,82.0,21.0,161.0,-668.0,143.0,-1
10.861,-102.0,81.0,32.0,130.0,-710.0,142.0,-1
10.8905,-108.0,89.0,43.0,136.0,-832.0,189.0,-1
10.8909,-106.0,105.0,48.0,165.0,-938.0,210.0,-1
10.9204,-102.0,119.0,38.0,188.0,-1028.0,228.0,-1
10.9209,-92.0,137.0,22.0,156.0,-1027.0,241.0,-1
10.9498,-71.0,159.0,10.0,104.0,-982.0,233.0,-1
10.9505,-49.0,183.0,4.0,69.0,-959.0,228.0,-1
10.9797,-28.0,209.0,5.0,60.0,-1009.0,255.0,-1
10.9804,-15.0,230.0,7.0,86.0,-1060.0,295.0,-1
11.0107,-13.0,238.0,1.0,84.0,-1076.0,320.0,-1
11.0107,-20.0,236.0,-5.0,80.0,-1112.0,372.0,-1
11.0406,-30.0,226.0,-10.0,68.0,-1114.0,412.0,-1
11.0406,-36.0,213.0,-12.0,43.0,-1091.0,423.0,-1
11.0707,-39.0,201.0,-10.0,27.0,-1065.0,405.0,-1
11.0707,-44.0,193.0,-7.0,0.0,-1038.0,373.0,-1
11.1006,-52.0,188.0,-2.0,-28.0,-1014.0,339.0,-1
11.1307,-59.0,185.0,2.0,-69.0,-996.0,310.0,-1
11.1307,-63.0,188.0,8.0,-91.0,-977.0,300.0,-1
11.1311,-64.0,192.0,10.0,-116.0,-994.0,315.0,-1
11.1608,-63.0,197.0,12.0,-132.0,-999.0,342.0,-1
11.1608,-59.0,202.0,12.0,-144.0,-1009.0,358.0,-1
11.1905,-57.0,208.0,8.0,-98.0,-1078.0,401.0,-1
11.1909,-52.0,215.0,2.0,-107.0,-1095.0,427.0,-1
11.221,-42.0,222.0,-4.0,-125.0,-1096.0,465.0,-1
11.2212,-32.0,223.0,-8.0,-155.0,-1079.0,493.0,-1
11.2505,-27.0,214.0,-8.0,-164.0,-1046.0,498.0,-1
11.2806,-22.0,203.0,-8.0,-176.0,-1021.0,502.0,-1
11.2812,-33.0,185.0,-7.0,-193.0,-981.0,484.0,-1
11.2815,-45.0,167.0,0.0,-210.0,-966.0,481.0,-1
11.3106,-50.0,156.0,10.0,-210.0,-971.0,477.0,-1
11.3109,-51.0,146.0,17.0,-208.0,-968.0,460.0,-1
11.34,-49.0,140.0,20.0,-203.0,-967.0,441.0,-1
11.3403,-41.0,142.0,23.0,-208.0,-985.0,420.0,-1
11.3703,-36.0,148.0,22.0,-155.0,-1058.0,436.0,-1
11.3706,-31.0,157.0,16.0,-134.0,-1113.0,456.0,-1
11.4006,-21.0,168.0,7.0,-134.0,-1123.0,466.0,-1
11.4007,-8.0,179.0,0.0,-145.0,-1096.0,469.0,-1
11.43,4.0,186.0,-3.0,-162.0,-1045.0,463.0,-1
11.4302,17.0,187.0,-6.0,-190.0,-1014.0,462.0,-1
11.4603,22.0,178.0,-5.0,-167.0,-984.0,430.0,-1
11.4606,22.0,172.0,0.0,-139.0,-1013.0,397.0,-1
11.4903,21.0,172.0,0.0,-100.0,-1062.0,367.0,-1
11.4905,23.0,182.0,-6.0,-95.0,-1088.0,326.0,-1
11.5207,27.0,197.0,-13.0,-79.0,-1091.0,294.0,-1
11.5208,31.0,211.0,-20.0,-87.0,-1091.0,260.0,-1
11.5501,42.0,224.0,-21.0,-100.0,-1103.0,207.0,-1
11.5504,49.0,236.0,-20.0,-116.0,-1117.0,143.0,-1
11.5806,49.0,250.0,-24.0,-119.0,-1111.0,116.0,-1
11.5809,47.0,262.0,-31.0,-146.0,-1135.0,112.0,-1
11.6099,45.0,266.0,-37.0,-161.0,-1164.0,104.0,-1
11.6102,36.0,257.0,-44.0,-176.0,-1129.0,113.0,-1
11.6398,29.0,249.0,-47.0,-189.0,-1076.0,133.0,-1
11.6403,23.0,239.0,-44.0,-205.0,-1032.0,136.0,-1
11.6696,11.0,221.0,-35.0,-229.0,-1011.0,123.0,-1
11.6703,-7.0,195.0,-21.0,-250.0,-997.0,94.0,-1
11.7003,-30.0,168.0,-10.0,-260.0,-1008.0,63.0,-1
11.7004,-51.0,143.0,-4.0,-254.0,-1046.0,20.0,-1
11.73,-79.0,125.0,-8.0,-278.0,-1082.0,-55.0,-1
11.7594,-85.0,124.0,-7.0,-306.0,-1080.0,-73.0,-1
11.76,-84.0,129.0,-4.0,-339.0,-1082.0,-81.0,-1
11.79,-76.0,138.0,4.0,-372.0,-1090.0,-92.0,-1
11.8208,-71.0,143.0,13.0,-381.0,-1122.0,-112.0,-1
11.8213,-74.0,141.0,15.0,-341.0,-1169.0,-122.0,-1
11.8214,-77.0,134.0,17.0,-312.0,-1236.0,-164.0,-1
11.8495,-80.0,140.0,15.0,-258.0,-1342.0,-205.0,-1
11.8795,-81.0,145.0,6.0,-234.0,-1415.0,-244.0,-1
11.9093,-78.0,156.0,-7.0,-206.0,-1510.0,-284.0,-1
11.9395,-75.0,169.0,-35.0,-183.0,-1492.0,-278.0,-1
11.9694,-67.0,190.0,-60.0,-163.0,-1438.0,-242.0,-1
11.9998,-55.0,211.0,-85.0,-77.0,-1371.0,-190.0,-1
12.0301,-49.0,234.0,-107.0,28.0,-1434.0,-58.0,-1
12.0603,-40.0,245.0,-127.0,104.0,-1451.0,230.0,-1
12.0905,-35.0,242.0,-129.0,161.0,-1461.0,360.0,-1
12.0909,-47.0,226.0,-135.0,193.0,-1444.0,504.0,-1
12.1202,-63.0,150.0,-151.0,245.0,-1348.0,759.0,-1
12.1495,-26.0,65.0,-168.0,266.0,-1143.0,906.0,-1
12.1504,-5.0,22.0,-173.0,244.0,-1059.0,937.0,-1
12.1803,9.0,-22.0,-177.0,206.0,-985.0,926.0,-1
12.1806,13.0,-57.0,-188.0,183.0,-906.0,879.0,-1
12.2101,21.0,-85.0,-195.0,192.0,-828.0,807.0,-1
12.2104,33.0,-108.0,-203.0,227.0,-782.0,682.0,-1
12.2395,47.0,-116.0,-211.0,248.0,-698.0,544.0,-1
12.24,58.0,-116.0,-223.0,222.0,-571.0,416.0,-1
12.2703,62.0,-111.0,-227.0,194.0,-392.0,295.0,-1
12.2708,60.0,-105.0,-228.0,152.0,-261.0,194.0,-1
12.3003,55.0,-88.0,-226.0,72.0,-144.0,113.0,-1
12.3009,57.0,-52.0,-212.0,-26.0,5.0,79.0,-1
12.3294,69.0,-3.0,-189.0,-61.0,100.0,64.0,-1
12.33,90.0,53.0,-166.0,-146.0,193.0,85.0,-1
12.3595,115.0,120.0,-141.0,-234.0,229.0,123.0,-1
12.3603,143.0,186.0,-110.0,-334.0,277.0,201.0,-1
12.3896,164.0,246.0,-74.0,-429.0,294.0,268.0,-1
12.3903,166.0,301.0,-36.0,-553.0,261.0,332.0,-1
12.4192,146.0,334.0,4.0,-726.0,188.0,431.0,-1
12.42,104.0,348.0,53.0,-899.0,70.0,576.0,-1
12.4492,52.0,357.0,110.0,-1160.0,-106.0,791.0,-1
12.45,19.0,382.0,197.0,-1544.0,-365.0,1112.0,-1
12.4793,-5.0,406.0,308.0,-2084.0,-745.0,1617.0,-1
12.4801,-50.0,358.0,423.0,-2808.0,-1281.0,2415.0,-1
12.5096,-42.0,102.0,576.0,-3888.0,-2100.0,4105.0,-1
12.5102,75.0,-253.0,690.0,-4722.0,-2635.0,5321.0,-1
12.5405,211.0,-677.0,817.0,-6223.0,-3444.0,5295.0,-1
12.5407,273.0,-1069.0,935.0,-8011.0,-4963.0,4571.0,-1
12.5708,327.0,-1374.0,980.0,-8011.0,-7085.0,3892.0,-1
12.571,293.0,-1561.0,861.0,-8011.0,-8011.0,3275.0,-1
12.6004,157.0,-1687.0,634.0,-8011.0,-8011.0,2507.0,-1
12.6297,38.0,-1618.0,407.0,-8011.0,-7111.0,2291.0,-1
12.6301,62.0,-1408.0,235.0,-8011.0,-5893.0,2400.0,-1
12.6313,84.0,-1231.0,70.0,-7734.0,-4967.0,2248.0,-1
12.6603,89.0,-1090.0,-43.0,-6562.0,-4078.0,1913.0,-1
12.6608,101.0,-961.0,-117.0,-5538.0,-3358.0,1498.0,-1
12.6904,106.0,-831.0,-161.0,-4651.0,-2827.0,1132.0,-1
12.6908,94.0,-714.0,-181.0,-3955.0,-2453.0,829.0,-1
12.7201,73.0,-629.0,-168.0,-3374.0,-2073.0,601.0,-1
12.7205,58.0,-577.0,-143.0,-2802.0,-1759.0,380.0,-1
12.7497,35.0,-531.0,-110.0,-2208.0,-1525.0,60.0,-1
12.7504,14.0,-482.0,-108.0,-1810.0,-1367.0,-160.0,-1
12.7802,-1.0,-402.0,-120.0,-1435.0,-1188.0,-313.0,-1
12.7806,-14.0,-291.0,-139.0,-1110.0,-1009.0,-355.0,-1
12.8105,-21.0,-173.0,-157.0,-895.0,-856.0,-261.0,-1
12.8107,-22.0,-80.0,-172.0,-804.0,-728.0,-128.0,-1
12.8393,-18.0,-19.0,-182.0,-743.0,-606.0,11.0,-1
12.8401,-5.0,12.0,-182.0,-721.0,-510.0,117.0,-1
12.8691,17.0,20.0,-167.0,-665.0,-420.0,177.0,-1
12.8701,42.0,5.0,-146.0,-574.0,-368.0,183.0,-1
12.8994,58.0,-25.0,-126.0,-467.0,-349.0,127.0,-1
12.9002,65.0,-52.0,-111.0,-335.0,-334.0,22.0,-1
12.9294,71.0,-64.0,-99.0,-225.0,-311.0,-95.0,-1
12.9302,85.0,-58.0,-86.0,-162.0,-268.0,-198.0,-1
12.9594,107.0,-39.0,-65.0,-129.0,-235.0,-280.0,-1
12.9601,128.0,-17.0,-38.0,-130.0,-227.0,-347.0,-1
12.9893,142.0,3.0,-7.0,-139.0,-233.0,-399.0,-1
12.9901,139.0,19.0,23.0,-160.0,-286.0,-450.0,-1
13.0498,116.0,31.0,49.0,-171.0,-371.0,-474.0,-1
13.0504,84.0,48.0,73.0,-197.0,-449.0,-459.0,-1
13.0506,61.0,72.0,92.0,-194.0,-484.0,-409.0,-1
13.0518,50.0,96.0,113.0,-199.0,-577.0,-324.0,-1
13.0796,37.0,114.0,131.0,-204.0,-705.0,-237.0,-1
13.0804,13.0,124.0,149.0,-172.0,-861.0,-127.0,-1
13.1096,-7.0,128.0,161.0,-155.0,-998.0,4.0,-1
13.1104,-15.0,135.0,167.0,-103.0,-1134.0,117.0,-1
13.1405,-8.0,145.0,166.0,-50.0,-1235.0,211.0,-1
13.1407,14.0,157.0,162.0,27.0,-1334.0,298.0,-1
13.1708,32.0,162.0,156.0,49.0,-1435.0,324.0,-1
13.1708,40.0,162.0,152.0,68.0,-1492.0,303.0,-1
13.2003,24.0,158.0,149.0,120.0,-1541.0,281.0,-1
13.2006,7.0,156.0,140.0,182.0,-1581.0,277.0,-1
13.2299,10.0,174.0,129.0,260.0,-1620.0,275.0,-1
13.2303,26.0,203.0,116.0,289.0,-1633.0,268.0,-1
13.2602,43.0,234.0,99.0,273.0,-1605.0,255.0,-1
13.2607,48.0,259.0,85.0,277.0,-1546.0,258.0,-1
13.29,42.0,271.0,77.0,269.0,-1515.0,283.0,-1
13.2906,36.0,287.0,70.0,264.0,-1496.0,300.0,-1
13.3196,37.0,308.0,57.0,288.0,-1468.0,338.0,-1
13.32,53.0,343.0,42.0,258.0,-1447.0,380.0,-1
13.3504,72.0,372.0,23.0,193.0,-1362.0,410.0,-1
13.3507,84.0,383.0,8.0,107.0,-1263.0,448.0,-1
13.3806,81.0,368.0,7.0,65.0,-1166.0,472.0,-1
13.3809,60.0,331.0,9.0,69.0,-1110.0,476.0,-1
13.4107,37.0,300.0,12.0,71.0,-1108.0,476.0,-1
13.4107,19.0,283.0,13.0,63.0,-1108.0,473.0,-1
13.4405,3.0,273.0,6.0,71.0,-1156.0,483.0,-1
13.4407,-10.0,278.0,-7.0,56.0,-1194.0,523.0,-1
13.4707,-21.0,277.0,-20.0,35.0,-1177.0,583.0,-1
13.4708,-28.0,259.0,-25.0,-4.0,-1186.0,668.0,-1
13.5003,-28.0,230.0,-23.0,23.0,-1162.0,699.0,-1
13.5007,-28.0,196.0,-25.0,45.0,-1129.0,679.0,-1
13.5306,-29.0,169.0,-30.0,44.0,-1113.0,619.0,-1
13.5306,-31.0,155.0,-32.0,36.0,-1080.0,553.0,-1
13.5599,-35.0,147.0,-36.0,20.0,-1047.0,497.0,-1
13.5604,-42.0,139.0,-41.0,-24.0,-1028.0,455.0,-1
13.5897,-48.0,132.0,-41.0,-79.0,-1007.0,420.0,-1
13.5904,-56.0,119.0,-40.0,-121.0,-959.0,361.0,-1
13.6195,-58.0,114.0,-39.0,-151.0,-927.0,322.0,-1
13.6202,-51.0,120.0,-37.0,-188.0,-906.0,293.0,-1
13.6507,-38.0,130.0,-33.0,-220.0,-875.0,264.0,-1
13.6508,-23.0,141.0,-30.0,-249.0,-839.0,243.0,-1
13.6793,-8.0,153.0,-23.0,-280.0,-802.0,233.0,-1
13.68,4.0,161.0,-16.0,-294.0,-755.0,224.0,-1
13.7091,10.0,165.0,-8.0,-308.0,-736.0,222.0,-1
13.71,13.0,167.0,3.0,-320.0,-739.0,238.0,-1
13.7394,16.0,166.0,15.0,-313.0,-756.0,256.0,-1
13.7401,16.0,161.0,22.0,-289.0,-788.0,274.0,-1
13.7693,16.0,156.0,27.0,-286.0,-815.0,298.0,-1
13.7701,19.0,152.0,33.0,-285.0,-826.0,303.0,-1
13.8294,21.0,146.0,38.0,-286.0,-852.0,311.0,-1
13.8297,27.0,142.0,45.0,-291.0,-887.0,321.0,-1
13.8307,34.0,141.0,52.0,-280.0,-948.0,325.0,-1
13.8313,37.0,138.0,56.0,-263.0,-1003.0,333.0,-1
13.8596,38.0,134.0,55.0,-257.0,-1044.0,330.0,-1
13.8603,35.0,127.0,51.0,-254.0,-1047.0,321.0,-1
13.8897,30.0,121.0,49.0,-270.0,-1035.0,310.0,-1
13.8904,23.0,113.0,48.0,-285.0,-1016.0,286.0,-1
13.9198,17.0,106.0,50.0,-312.0,-991.0,269.0,-1
13.9203,14.0,103.0,53.0,-327.0,-967.0,250.0,-1
13.9496,15.0,104.0,56.0,-349.0,-954.0,229.0,-1
13.9504,19.0,109.0,60.0,-387.0,-958.0,210.0,-1
13.9804,28.0,117.0,64.0,-429.0,-963.0,195.0,-1
13.9808,38.0,126.0,70.0,-453.0,-947.0,182.0,-1
14.0103,47.0,137.0,71.0,-458.0,-942.0,181.0,-1
14.0106,66.0,155.0,70.0,-480.0,-949.0,186.0,-1
14.0409,86.0,178.0,67.0,-496.0,-947.0,193.0,-1
14.0411,95.0,194.0,62.0,-521.0,-944.0,199.0,-1
14.0706,94.0,201.0,55.0,-550.0,-941.0,209.0,-1
14.071,86.0,202.0,49.0,-586.0,-930.0,225.0,-1
14.1004,77.0,201.0,45.0,-616.0,-921.0,241.0,-1
14.1008,68.0,200.0,44.0,-646.0,-920.0,260.0,-1
14.1304,64.0,198.0,47.0,-668.0,-913.0,287.0,-1
14.1305,59.0,195.0,50.0,-667.0,-912.0,312.0,-1
14.1604,53.0,188.0,54.0,-666.0,-921.0,331.0,-1
14.1607,48.0,174.0,59.0,-654.0,-944.0,337.0,-1
14.1904,46.0,157.0,63.0,-621.0,-977.0,318.0,-1
14.2207,45.0,145.0,60.0,-577.0,-1000.0,282.0,-1
14.221,44.0,141.0,49.0,-541.0,-1036.0,239.0,-1
14.2211,43.0,141.0,34.0,-507.0,-1047.0,202.0,-1
14.2497,41.0,142.0,21.0,-489.0,-1072.0,165.0,-1
14.25,44.0,139.0,13.0,-477.0,-1112.0,125.0,-1
14.2797,50.0,140.0,6.0,-442.0,-1119.0,92.0,-1
14.3704,55.0,148.0,-9.0,-376.0,-1144.0,61.0,-1
14.3709,55.0,151.0,-23.0,-339.0,-1166.0,57.0,-1
14.3715,52.0,146.0,-33.0,-314.0,-1213.0,42.0,-1
14.3725,41.0,127.0,-46.0,-229.0,-1318.0,-11.0,-1
14.3729,26.0,109.0,-68.0,-170.0,-1386.0,-75.0,-1
14.3734,25.0,110.0,-94.0,-161.0,-1412.0,-114.0,-1
14.4003,56.0,140.0,-133.0,-150.0,-1456.0,-197.0,-1
14.4006,63.0,149.0,-148.0,-149.0,-1473.0,-226.0,-1
14.4608,56.0,148.0,-162.0,-126.0,-1482.0,-244.0,-1
14.4609,44.0,140.0,-172.0,-135.0,-1455.0,-234.0,-1
14.4615,28.0,134.0,-176.0,-121.0,-1437.0,-202.0,-1
14.4619,7.0,121.0,-178.0,-110.0,-1421.0,-156.0,-1
14.4905,-13.0,105.0,-176.0,-90.0,-1421.0,-103.0,-1
14.4908,-30.0,83.0,-173.0,-87.0,-1451.0,-64.0,-1
14.5208,-42.0,67.0,-174.0,-59.0,-1411.0,-23.0,-1
14.5208,-49.0,54.0,-178.0,-39.0,-1387.0,11.0,-1
14.5798,-52.0,43.0,-180.0,-21.0,-1357.0,40.0,-1
14.5803,-53.0,36.0,-182.0,-17.0,-1315.0,66.0,-1
14.5813,-53.0,31.0,-180.0,-14.0,-1276.0,105.0,-1
14.5819,-57.0,18.0,-176.0,6.0,-1276.0,139.0,-1
14.6405,-64.0,1.0,-175.0,33.0,-1261.0,179.0,-1
14.6411,-68.0,-17.0,-170.0,48.0,-1212.0,240.0,-1
14.6429,-65.0,-26.0,-163.0,55.0,-1158.0,283.0,-1
14.6433,-59.0,-33.0,-159.0,70.0,-1070.0,333.0,-1
14.67,-50.0,-38.0,-153.0,75.0,-990.0,390.0,-1
14.7004,-37.0,-48.0,-142.0,111.0,-938.0,439.0,-1
14.7005,-23.0,-71.0,-134.0,172.0,-944.0,456.0,-1
14.7307,-14.0,-101.0,-138.0,219.0,-927.0,427.0,-1
14.7602,1.0,-149.0,-155.0,231.0,-782.0,248.0,-1
14.7896,-15.0,-191.0,-164.0,240.0,-600.0,11.0,-1
14.8207,-15.0,-171.0,-185.0,294.0,-472.0,-274.0,-1
14.8497,14.0,-65.0,-199.0,283.0,-325.0,-502.0,-1
14.8794,34.0,78.0,-189.0,228.0,-284.0,-589.0,-1
14.8801,32.0,147.0,-189.0,163.0,-286.0,-574.0,-1
14.9094,27.0,220.0,-187.0,57.0,-257.0,-477.0,-1
14.9393,46.0,385.0,-147.0,-282.0,-133.0,-99.0,-1
14.9692,68.0,472.0,-121.0,-461.0,-89.0,113.0,-1
14.9697,91.0,555.0,-91.0,-696.0,-60.0,321.0,-1
14.9707,111.0,632.0,-54.0,-1006.0,-51.0,505.0,-1
14.9997,125.0,704.0,-9.0,-1421.0,-71.0,714.0,-1
15.0295,-16.0,699.0,105.0,-2572.0,-359.0,1422.0,-1
15.0304,-223.0,453.0,210.0,-3002.0,-469.0,2093.0,-1
15.0605,-304.0,133.0,357.0,-3292.0,-738.0,2933.0,-1
15.0606,-186.0,-173.0,494.0,-3623.0,-1137.0,3763.0,-1
15.0906,45.0,-472.0,597.0,-4542.0,-1784.0,4059.0,-1
15.0906,202.0,-785.0,753.0,-5892.0,-2700.0,3705.0,-1
15.12,290.0,-1076.0,957.0,-7511.0,-4139.0,3361.0,-1
15.1203,351.0,-1301.0,1074.0,-8011.0,-6104.0,3121.0,-1
15.1496,316.0,-1470.0,1003.0,-8011.0,-7480.0,2673.0,-1
15.1505,115.0,-1592.0,755.0,-8011.0,-7203.0,1851.0,-1
15.1803,-20.0,-1537.0,506.0,-8005.0,-5781.0,1643.0,-1
15.1806,39.0,-1329.0,339.0,-7051.0,-4991.0,1726.0,-1
15.2105,82.0,-1149.0,172.0,-6154.0,-4541.0,1571.0,-1
15.2109,80.0,-1011.0,20.0,-5223.0,-3867.0,1299.0,-1
15.2402,82.0,-887.0,-92.0,-4526.0,-3317.0,965.0,-1
15.2406,98.0,-764.0,-157.0,-3917.0,-2871.0,646.0,-1
15.2702,102.0,-629.0,-176.0,-3268.0,-2359.0,340.0,-1
15.2706,102.0,-562.0,-154.0,-2772.0,-1966.0,154.0,-1
15.3001,84.0,-523.0,-132.0,-2351.0,-1708.0,-42.0,-1
15.3004,52.0,-497.0,-113.0,-1971.0,-1554.0,-263.0,-1
15.3297,18.0,-458.0,-111.0,-1607.0,-1411.0,-462.0,-1
15.3302,-5.0,-379.0,-123.0,-1228.0,-1227.0,-594.0,-1
15.3605,-17.0,-261.0,-141.0,-902.0,-1017.0,-608.0,-1
15.3608,-23.0,-135.0,-152.0,-683.0,-854.0,-489.0,-1
15.3906,-31.0,-40.0,-157.0,-596.0,-737.0,-322.0,-1
15.3909,-31.0,18.0,-158.0,-523.0,-603.0,-165.0,-1
15.4208,-24.0,46.0,-142.0,-453.0,-526.0,-24.0,-1
15.4211,-8.0,41.0,-120.0,-336.0,-400.0,48.0,-1
15.4498,13.0,19.0,-103.0,-242.0,-299.0,74.0,-1
15.5111,35.0,-5.0,-84.0,-156.0,-249.0,44.0,-1
15.5111,48.0,-25.0,-62.0,-68.0,-262.0,-1.0,-1
15.5112,51.0,-39.0,-37.0,13.0,-276.0,-69.0,-1
15.5115,46.0,-48.0,-15.0,88.0,-349.0,-148.0,-1
15.5124,36.0,-50.0,0.0,129.0,-388.0,-230.0,-1
15.5406,41.0,-33.0,13.0,103.0,-421.0,-267.0,-1
15.5406,53.0,-10.0,28.0,81.0,-457.0,-298.0,-1
15.5707,64.0,12.0,42.0,52.0,-490.0,-327.0,-1
15.5707,69.0,27.0,49.0,37.0,-524.0,-341.0,-1
15.6005,67.0,46.0,58.0,67.0,-584.0,-361.0,-1
15.6008,51.0,62.0,64.0,63.0,-630.0,-360.0,-1
15.6305,30.0,78.0,78.0,62.0,-714.0,-332.0,-1
15.6305,5.0,88.0,97.0,99.0,-797.0,-266.0,-1
15.6614,-13.0,96.0,110.0,102.0,-891.0,-197.0,-1
15.6614,-13.0,105.0,112.0,97.0,-915.0,-174.0,-1
15.6908,5.0,138.0,111.0,100.0,-916.0,-134.0,-1
15.691,22.0,164.0,113.0,118.0,-968.0,-115.0,-1
15.7199,22.0,180.0,120.0,116.0,-1030.0,-101.0,-1
15.7204,4.0,185.0,128.0,114.0,-1086.0,-64.0,-1
15.7498,-28.0,175.0,132.0,123.0,-1107.0,-55.0,-1
15.7505,-50.0,166.0,132.0,165.0,-1147.0,-36.0,-1
15.7809,-45.0,192.0,133.0,187.0,-1216.0,15.0,-1
15.7814,-24.0,235.0,137.0,212.0,-1312.0,67.0,-1
15.8105,-13.0,268.0,134.0,222.0,-1380.0,132.0,-1
15.8107,-19.0,281.0,122.0,212.0,-1386.0,217.0,-1
15.8405,-29.0,279.0,111.0,238.0,-1407.0,282.0,-1
15.8406,-34.0,272.0,104.0,255.0,-1434.0,342.0,-1
15.8705,-31.0,269.0,91.0,243.0,-1422.0,374.0,-1
15.8706,-21.0,272.0,80.0,224.0,-1398.0,395.0,-1
15.9004,-7.0,278.0,69.0,197.0,-1354.0,399.0,-1
15.9007,9.0,290.0,51.0,157.0,-1261.0,393.0,-1
15.9304,12.0,296.0,41.0,118.0,-1232.0,402.0,-1
15.9308,6.0,295.0,35.0,107.0,-1211.0,418.0,-1
15.9604,-1.0,293.0,32.0,99.0,-1195.0,434.0,-1
15.9607,-6.0,293.0,30.0,106.0,-1250.0,500.0,-1
15.9901,-6.0,291.0,28.0,119.0,-1300.0,564.0,-1
15.9904,-5.0,277.0,19.0,138.0,-1269.0,586.0,-1
16.0193,-10.0,256.0,7.0,135.0,-1204.0,579.0,-1
16.0499,-18.0,234.0,0.0,117.0,-1137.0,556.0,-1
16.0505,-19.0,221.0,2.0,104.0,-1076.0,542.0,-1
16.0515,-18.0,212.0,3.0,117.0,-1030.0,519.0,-1
16.0793,-19.0,206.0,3.0,125.0,-1011.0,508.0,-1
16.0804,-20.0,201.0,1.0,132.0,-1019.0,505.0,-1
16.1094,-18.0,198.0,-3.0,129.0,-1016.0,508.0,-1
16.1102,-17.0,192.0,-8.0,110.0,-998.0,509.0,-1
16.1392,-20.0,180.0,-10.0,86.0,-985.0,505.0,-1
16.1403,-26.0,164.0,-9.0,76.0,-986.0,499.0,-1
16.1693,-31.0,149.0,-6.0,78.0,-999.0,501.0,-1
16.1701,-29.0,139.0,-2.0,82.0,-1016.0,497.0,-1
16.2601,-21.0,132.0,-2.0,94.0,-1035.0,485.0,-1
16.2603,-11.0,125.0,-7.0,96.0,-1049.0,465.0,-1
16.2607,-1.0,118.0,-12.0,92.0,-1045.0,437.0,-1
16.2615,3.0,107.0,-18.0,78.0,-1011.0,392.0,-1
16.2621,4.0,99.0,-20.0,71.0,-977.0,351.0,-1
16.263,6.0,94.0,-19.0,69.0,-952.0,327.0,-1
16.2896,10.0,92.0,-18.0,63.0,-930.0,299.0,-1
16.32,10.0,88.0,-17.0,47.0,-928.0,287.0,-1
16.3202,8.0,78.0,-14.0,34.0,-939.0,264.0,-1
16.321,3.0,66.0,-11.0,31.0,-962.0,235.0,-1
16.3499,1.0,59.0,-8.0,31.0,-988.0,213.0,-1
16.3504,1.0,58.0,-8.0,30.0,-1003.0,187.0,-1
16.3797,1.0,59.0,-8.0,12.0,-1018.0,173.0,-1
16.3801,6.0,64.0,-7.0,3.0,-1014.0,161.0,-1
16.4108,9.0,69.0,-7.0,-14.0,-1017.0,152.0,-1
16.4112,8.0,69.0,-3.0,-43.0,-1031.0,152.0,-1
16.4408,6.0,65.0,0.0,-53.0,-1025.0,149.0,-1
16.4411,2.0,58.0,2.0,-54.0,-1025.0,140.0,-1
16.4706,0.0,51.0,5.0,-63.0,-1013.0,133.0,-1
16.471,-3.0,46.0,6.0,-74.0,-992.0,120.0,-1
16.5006,-4.0,42.0,8.0,-101.0,-969.0,104.0,-1
16.5006,-5.0,37.0,10.0,-128.0,-949.0,84.0,-1
16.5304,-5.0,35.0,13.0,-147.0,-924.0,60.0,-1
16.5305,-6.0,36.0,17.0,-169.0,-901.0,40.0,-1
16.5602,-6.0,41.0,20.0,-180.0,-874.0,30.0,-1
16.5605,-6.0,50.0,23.0,-205.0,-857.0,17.0,-1
16.5906,-5.0,61.0,26.0,-236.0,-844.0,15.0,-1
16.591,0.0,76.0,32.0,-282.0,-836.0,22.0,-1
16.6201,3.0,90.0,38.0,-320.0,-825.0,31.0,-1
16.6203,4.0,102.0,44.0,-366.0,-822.0,39.0,-1
16.6498,4.0,112.0,51.0,-412.0,-812.0,53.0,-1
16.6505,3.0,121.0,60.0,-452.0,-812.0,67.0,-1
16.6797,0.0,129.0,69.0,-488.0,-812.0,81.0,-1
16.7099,-4.0,135.0,77.0,-524.0,-826.0,105.0,-1
16.7103,-7.0,140.0,85.0,-558.0,-848.0,125.0,-1
16.7111,-10.0,144.0,91.0,-601.0,-875.0,146.0,-1
16.7401,-8.0,148.0,96.0,-635.0,-904.0,165.0,-1
16.7404,-7.0,152.0,99.0,-668.0,-936.0,175.0,-1
16.7703,-5.0,156.0,101.0,-696.0,-961.0,186.0,-1
16.7705,-2.0,161.0,102.0,-711.0,-977.0,199.0,-1
16.8003,-1.0,165.0,103.0,-726.0,-995.0,213.0,-1
16.8007,2.0,167.0,107.0,-744.0,-1020.0,225.0,-1
16.8301,7.0,163.0,110.0,-744.0,-1052.0,214.0,-1
16.8304,10.0,157.0,111.0,-731.0,-1067.0,187.0,-1
16.8604,14.0,160.0,109.0,-709.0,-1077.0,177.0,-1
16.8903,15.0,168.0,104.0,-692.0,-1074.0,186.0,-1
16.8905,17.0,175.0,98.0,-689.0,-1078.0,221.0,-1
16.8911,22.0,181.0,94.0,-674.0,-1068.0,252.0,-1
16.9205,25.0,181.0,89.0,-680.0,-1081.0,269.0,-1
16.9209,27.0,170.0,86.0,-674.0,-1104.0,277.0,-1
16.9504,28.0,156.0,82.0,-638.0,-1109.0,266.0,-1
16.9505,31.0,145.0,72.0,-587.0,-1108.0,249.0,-1
16.9896,36.0,141.0,59.0,-532.0,-1117.0,219.0,-1
17.0098,45.0,137.0,42.0,-493.0,-1145.0,161.0,-1
17.0105,54.0,137.0,23.0,-452.0,-1146.0,101.0,-1
17.0114,60.0,142.0,0.0,-423.0,-1169.0,26.0,-1
17.0397,67.0,145.0,-21.0,-389.0,-1193.0,-33.0,-1
17.0698,78.0,159.0,-50.0,-313.0,-1219.0,-107.0,-1
17.0699,84.0,169.0,-71.0,-260.0,-1251.0,-146.0,-1
17.0711,86.0,173.0,-92.0,-207.0,-1276.0,-172.0,-1
17.0998,83.0,171.0,-109.0,-147.0,-1306.0,-195.0,-1
17.1004,74.0,164.0,-124.0,-78.0,-1336.0,-218.0,-1
17.1297,62.0,154.0,-138.0,-22.0,-1407.0,-259.0,-1
17.1305,47.0,147.0,-152.0,57.0,-1506.0,-300.0,-1
17.1596,32.0,143.0,-171.0,123.0,-1578.0,-331.0,-1
17.1605,28.0,152.0,-189.0,138.0,-1598.0,-322.0,-1
17.2195,30.0,165.0,-199.0,173.0,-1601.0,-280.0,-1
17.2199,28.0,167.0,-207.0,185.0,-1606.0,-233.0,-1
17.2206,16.0,158.0,-215.0,235.0,-1670.0,-184.0,-1
17.2214,-1.0,146.0,-232.0,254.0,-1673.0,-122.0,-1
17.2494,-12.0,139.0,-245.0,237.0,-1659.0,-43.0,-1
17.2501,-13.0,130.0,-245.0,238.0,-1654.0,38.0,-1
17.2797,-11.0,118.0,-240.0,245.0,-1637.0,131.0,-1
17.2804,-5.0,103.0,-235.0,260.0,-1626.0,209.0,-1
17.3105,0.0,82.0,-235.0,258.0,-1601.0,275.0,-1
17.3109,9.0,52.0,-235.0,218.0,-1516.0,339.0,-1
17.3405,17.0,21.0,-227.0,200.0,-1447.0,404.0,-1
17.3409,16.0,-12.0,-221.0,227.0,-1397.0,459.0,-1
17.37,16.0,-44.0,-225.0,211.0,-1291.0,519.0,-1
17.3703,27.0,-78.0,-226.0,189.0,-1191.0,546.0,-1
17.4005,36.0,-146.0,-227.0,168.0,-1048.0,481.0,-1
17.4306,27.0,-199.0,-240.0,116.0,-887.0,359.0,-1
17.4306,-20.0,-278.0,-263.0,-30.0,-526.0,118.0,-1
17.4902,-68.0,-306.0,-270.0,-87.0,-215.0,-59.0,-1
17.4907,-76.0,-299.0,-258.0,-87.0,-87.0,-133.0,-1
17.491,-72.0,-285.0,-237.0,-37.0,-3.0,-226.0,-1
17.5207,-62.0,-243.0,-220.0,14.0,4.0,-361.0,-1
17.5504,-61.0,-190.0,-217.0,99.0,-40.0,-517.0,-1
17.5507,-63.0,-139.0,-227.0,118.0,-27.0,-661.0,-1
17.5802,-68.0,-75.0,-236.0,87.0,2.0,-810.0,-1
17.6098,-77.0,137.0,-200.0,-149.0,156.0,-1018.0,-1
17.6404,-115.0,440.0,-90.0,-531.0,205.0,-682.0,-1
17.6705,-98.0,724.0,21.0,-1222.0,-31.0,40.0,-1
17.7006,-7.0,953.0,135.0,-2228.0,-170.0,748.0,-1
17.731,-58.0,929.0,272.0,-3386.0,-518.0,1603.0,-1
17.7606,-275.0,368.0,468.0,-4397.0,-1251.0,2897.0,-1
17.7606,-166.0,93.0,577.0,-4392.0,-1364.0,3233.0,-1
17.8196,-36.0,-213.0,692.0,-4584.0,-1793.0,2854.0,-1
17.8501,59.0,-843.0,1094.0,-6948.0,-3570.0,1853.0,-1
17.8503,167.0,-979.0,1370.0,-8011.0,-5451.0,1851.0,-1
17.851,197.0,-1047.0,1506.0,-8011.0,-7974.0,2017.0,-1
17.8799,-415.0,-1646.0,870.0,-8011.0,-6923.0,1556.0,-1
17.9097,-53.0,-1372.0,362.0,-6830.0,-5013.0,1739.0,-1
17.9104,78.0,-1134.0,108.0,-5524.0,-4477.0,1353.0,-1
17.9397,156.0,-883.0,-78.0,-4517.0,-3950.0,938.0,-1
17.9404,167.0,-758.0,-156.0,-3926.0,-3429.0,579.0,-1
17.9705,136.0,-650.0,-184.0,-3442.0,-2961.0,269.0,-1
17.9708,87.0,-560.0,-174.0,-3024.0,-2577.0,86.0,-1
18.0007,41.0,-499.0,-139.0,-2610.0,-2191.0,-1.0,-1
18.0007,-8.0,-477.0,-112.0,-2228.0,-1903.0,-129.0,-1
18.0605,-46.0,-447.0,-108.0,-1856.0,-1656.0,-260.0,-1
18.09,-49.0,-373.0,-126.0,-1522.0,-1428.0,-341.0,-1
18.0903,-32.0,-265.0,-146.0,-1229.0,-1169.0,-345.0,-1
18.0907,-14.0,-155.0,-160.0,-1018.0,-934.0,-269.0,-1
18.0915,1.0,-68.0,-165.0,-899.0,-718.0,-149.0,-1
18.0922,13.0,-10.0,-158.0,-805.0,-531.0,-40.0,-1
18.1207,26.0,16.0,-145.0,-705.0,-361.0,25.0,-1
18.1504,51.0,-6.0,-105.0,-512.0,-58.0,22.0,-1
18.1507,61.0,-30.0,-78.0,-374.0,67.0,-60.0,-1
18.1808,71.0,-45.0,-46.0,-232.0,156.0,-177.0,-1
18.1809,73.0,-41.0,-12.0,-73.0,167.0,-288.0,-1
18.2102,61.0,-24.0,18.0,79.0,162.0,-374.0,-1
18.2105,40.0,4.0,40.0,160.0,115.0,-418.0,-1
18.2406,15.0,41.0,62.0,183.0,42.0,-415.0,-1
18.2406,-11.0,80.0,85.0,168.0,-82.0,-335.0,-1
18.2707,-44.0,105.0,109.0,131.0,-231.0,-237.0,-1
18.2708,-70.0,112.0,125.0,74.0,-325.0,-137.0,-1
18.3003,-70.0,120.0,133.0,-23.0,-391.0,-66.0,-1
18.3008,-45.0,138.0,137.0,-120.0,-444.0,-29.0,-1
18.3299,-4.0,169.0,143.0,-200.0,-483.0,-3.0,-1
18.3305,32.0,215.0,158.0,-262.0,-579.0,43.0,-1
18.3603,49.0,265.0,182.0,-310.0,-795.0,102.0,-1
18.3605,10.0,295.0,196.0,-278.0,-1028.0,200.0,-1
18.3901,-45.0,279.0,184.0,-319.0,-1151.0,273.0,-1
18.3906,-97.0,252.0,179.0,-364.0,-1374.0,385.0,-1
18.4201,-118.0,246.0,200.0,-367.0,-1601.0,502.0,-1
18.4204,-95.0,247.0,211.0,-325.0,-1750.0,564.0,-1
18.4505,-48.0,250.0,199.0,-241.0,-1785.0,554.0,-1
18.4507,-17.0,251.0,169.0,-155.0,-1770.0,510.0,-1
18.4805,1.0,252.0,133.0,-146.0,-1702.0,466.0,-1
18.4809,28.0,272.0,112.0,-184.0,-1645.0,437.0,-1
18.5105,46.0,304.0,102.0,-229.0,-1571.0,415.0,-1
18.5111,35.0,325.0,96.0,-324.0,-1551.0,433.0,-1
18.5403,7.0,323.0,97.0,-359.0,-1507.0,458.0,-1
18.5406,-20.0,312.0,92.0,-401.0,-1441.0,473.0,-1
18.5701,-40.0,300.0,85.0,-445.0,-1388.0,487.0,-1
18.5704,-40.0,306.0,85.0,-491.0,-1352.0,503.0,-1
18.6006,-26.0,321.0,84.0,-523.0,-1342.0,501.0,-1
18.6006,-13.0,336.0,78.0,-555.0,-1340.0,521.0,-1
18.63,-2.0,345.0,67.0,-578.0,-1306.0,531.0,-1
18.6305,2.0,345.0,49.0,-623.0,-1260.0,525.0,-1
18.6607,1.0,340.0,36.0,-671.0,-1225.0,520.0,-1
18.6607,5.0,344.0,36.0,-688.0,-1213.0,547.0,-1
18.6906,23.0,364.0,41.0,-679.0,-1217.0,582.0,-1
18.6907,45.0,384.0,37.0,-666.0,-1200.0,615.0,-1
18.7206,61.0,391.0,22.0,-663.0,-1180.0,639.0,-1
18.7207,74.0,384.0,6.0,-670.0,-1132.0,661.0,-1
18.7507,80.0,364.0,-6.0,-658.0,-1073.0,655.0,-1
18.7509,76.0,341.0,-15.0,-656.0,-1040.0,660.0,-1
18.7806,72.0,325.0,-15.0,-647.0,-1024.0,673.0,-1
18.8104,70.0,315.0,-17.0,-621.0,-1008.0,690.0,-1
18.8105,67.0,302.0,-24.0,-604.0,-985.0,707.0,-1
18.8406,63.0,284.0,-33.0,-592.0,-947.0,713.0,-1
18.8409,59.0,259.0,-39.0,-576.0,-891.0,716.0,-1
18.841,54.0,231.0,-40.0,-555.0,-825.0,706.0,-1
18.8705,49.0,205.0,-34.0,-544.0,-770.0,702.0,-1
18.8709,43.0,176.0,-24.0,-513.0,-705.0,695.0,-1
18.9006,33.0,147.0,-10.0,-488.0,-673.0,697.0,-1
18.9006,24.0,121.0,5.0,-458.0,-670.0,699.0,-1
18.9306,19.0,93.0,20.0,-432.0,-683.0,697.0,-1
18.9309,14.0,61.0,32.0,-406.0,-719.0,683.0,-1
18.9605,7.0,26.0,41.0,-393.0,-767.0,641.0,-1
18.9609,-7.0,-33.0,52.0,-352.0,-865.0,515.0,-1
18.9906,-18.0,-68.0,52.0,-331.0,-933.0,424.0,-1
18.9906,-27.0,-97.0,48.0,-323.0,-997.0,336.0,-1
19.0208,-34.0,-120.0,37.0,-311.0,-1027.0,249.0,-1
19.0208,-32.0,-127.0,24.0,-325.0,-1038.0,177.0,-1
19.0506,-15.0,-115.0,15.0,-351.0,-1053.0,106.0,-1
19.0508,10.0,-92.0,14.0,-378.0,-1038.0,41.0,-1
19.0806,36.0,-61.0,19.0,-390.0,-1021.0,-2.0,-1
19.0809,54.0,-32.0,23.0,-397.0,-1014.0,-32.0,-1
19.11,60.0,-15.0,26.0,-401.0,-1012.0,-50.0,-1
19.1102,53.0,-8.0,27.0,-387.0,-1017.0,-70.0,-1
19.1407,37.0,-10.0,25.0,-373.0,-1009.0,-82.0,-1
19.1409,25.0,-13.0,24.0,-377.0,-1007.0,-90.0,-1
19.1701,17.0,-11.0,23.0,-377.0,-1004.0,-100.0,-1
19.1705,15.0,-6.0,23.0,-393.0,-1005.0,-108.0,-1
19.2007,16.0,0.0,24.0,-401.0,-1003.0,-117.0,-1
19.2007,15.0,5.0,25.0,-405.0,-993.0,-121.0,-1
19.2304,12.0,10.0,27.0,-413.0,-988.0,-124.0,-1
19.2307,7.0,12.0,30.0,-416.0,-989.0,-129.0,-1
19.2601,-1.0,11.0,32.0,-426.0,-1005.0,-129.0,-1
19.2603,-7.0,11.0,35.0,-431.0,-1015.0,-130.0,-1
19.2902,-8.0,15.0,37.0,-426.0,-1021.0,-128.0,-1
19.2905,-6.0,25.0,38.0,-417.0,-1022.0,-122.0,-1
19.32,-5.0,37.0,34.0,-416.0,-1013.0,-111.0,-1
19.3499,-5.0,50.0,30.0,-428.0,-1012.0,-91.0,-1
19.3502,-6.0,58.0,27.0,-445.0,-1006.0,-72.0,-1
19.3509,-9.0,61.0,25.0,-449.0,-992.0,-46.0,-1
19.3798,-12.0,63.0,24.0,-463.0,-1002.0,-30.0,-1
19.3803,-10.0,64.0,24.0,-474.0,-1020.0,-19.0,-1
19.4098,-7.0,65.0,24.0,-461.0,-1051.0,-30.0,-1
19.4104,-3.0,67.0,19.0,-463.0,-1099.0,-64.0,-1
19.4397,0.0,73.0,12.0,-446.0,-1127.0,-91.0,-1
19.4405,3.0,86.0,1.0,-439.0,-1157.0,-106.0,-1
19.4699,9.0,99.0,-13.0,-429.0,-1163.0,-112.0,-1
19.4703,15.0,113.0,-27.0,-427.0,-1137.0,-101.0,-1
19.5004,23.0,124.0,-38.0,-439.0,-1127.0,-93.0,-1
19.5007,29.0,126.0,-47.0,-481.0,-1127.0,-109.0,-1
19.5298,33.0,127.0,-55.0,-480.0,-1084.0,-125.0,-1
19.5303,30.0,127.0,-64.0,-477.0,-1060.0,-147.0,-1
19.5604,24.0,130.0,-70.0,-479.0,-1018.0,-146.0,-1
19.5608,18.0,135.0,-71.0,-477.0,-976.0,-120.0,-1
19.5901,14.0,134.0,-65.0,-466.0,-951.0,-86.0,-1
19.5904,9.0,127.0,-59.0,-442.0,-966.0,-69.0,-1
19.6195,0.0,114.0,-57.0,-411.0,-1046.0,-75.0,-1
19.6203,-9.0,98.0,-63.0,-368.0,-1092.0,-88.0,-1
19.6513,-16.0,93.0,-73.0,-348.0,-1116.0,-102.0,-1
19.6804,-16.0,95.0,-82.0,-334.0,-1148.0,-135.0,-1
19.6809,-15.0,98.0,-93.0,-299.0,-1162.0,-176.0,-1
19.6811,-18.0,101.0,-103.0,-276.0,-1138.0,-216.0,-1
19.7104,-23.0,107.0,-103.0,-257.0,-1132.0,-243.0,-1
19.7106,-28.0,111.0,-102.0,-215.0,-1198.0,-256.0,-1
19.74,-37.0,111.0,-109.0,-164.0,-1231.0,-254.0,-1
19.77,-42.0,114.0,-119.0,-119.0,-1244.0,-249.0,-1
19.7702,-39.0,119.0,-128.0,-90.0,-1241.0,-247.0,-1
19.771,-29.0,119.0,-133.0,-62.0,-1221.0,-277.0,-1
19.8003,-26.0,112.0,-135.0,-11.0,-1221.0,-344.0,-1
19.8006,-43.0,99.0,-141.0,78.0,-1316.0,-440.0,-1
19.8306,-86.0,79.0,-161.0,202.0,-1420.0,-508.0,-1
19.831,-106.0,76.0,-169.0,277.0,-1449.0,-517.0,-1
19.8604,-105.0,83.0,-169.0,347.0,-1510.0,-544.0,-1
19.8607,-98.0,97.0,-177.0,439.0,-1575.0,-580.0,-1
19.8901,-94.0,117.0,-193.0,481.0,-1621.0,-562.0,-1
19.8905,-90.0,138.0,-206.0,450.0,-1566.0,-454.0,-1
19.9202,-82.0,151.0,-206.0,439.0,-1512.0,-333.0,-1
19.9205,-78.0,137.0,-213.0,488.0,-1425.0,-235.0,-1
19.9509,-79.0,119.0,-219.0,488.0,-1347.0,-177.0,-1
19.9511,-78.0,111.0,-229.0,463.0,-1196.0,-113.0,-1
19.9803,-79.0,107.0,-230.0,402.0,-1006.0,-33.0,-1
19.9805,-75.0,92.0,-228.0,390.0,-844.0,66.0,-1
20.0105,-71.0,74.0,-222.0,339.0,-640.0,135.0,-1
20.0106,-67.0,49.0,-212.0,361.0,-537.0,166.0,-1
